,Product Name,Sales Volume,Rating,Number of Review,Price
0,全城熱賣 - [3 Colors]INTELLIGENT BODY FAT SCALE  ELECTRONIC SCALE  HOUSEHOLD SCALE,100+ Sold,4.5,(6),$ 95.80
1,"Samsung - Galaxy Watch3 Stainless Smartwatch (45mm, Bluetooth) - Mystic Black",30+ Sold,5,(3),"$ 3,298.00"
2,"Samsung - Galaxy Watch3 Stainless Smartwatch (41mm, Bluetooth) - Mystic Silver",10+ Sold,3,(1),"$ 3,098.00"
3,SMC - New Three-in-one wireless charger for Airpods for iPhone mobile phones and watches Qi certified fast charge wireless charge,70+ Sold,3.7,(4),$ 198.80
4,Fitbit - Charge 4(NFC)Black FB417BKBK-FRCJK,100+ Sold,4,(5),$ 929.00
5,MI - Xiaomi Smart Bracelet 5 Dynamic Color Screen Women's Health 24-hour Heart Rate  (parallel import),200+ Sold,4.8,(6),$ 208.00
6,Huawei - HONOR Band 6 Black,100+ Sold,4,(6),$ 329.00
7,Xiaomi - [Authorized Dealer] Mi Smart Band 6  All-new women's health tracking  24-hour heart rate monitoring,50+ Sold,5,(1),$ 330.00
8,Fitbit - SENSE Smartwatch (Black) FB512BKBK-FRCJK,60+ Sold,Null,Null,"$ 2,099.00"
9,MI - MI Band 6 - HK Offical Product,60+ Sold,4.3,(3),$ 299.00
10,Fitbit - Versa 2(NFC)PETAL / ROSE GOLD ALUMINIUM FB507RGPK-FRCJK,70+ Sold,Null,Null,"$ 1,138.00"
11,ASUS 華碩 - VivoWatch SP 智慧型血壓/指尖血氧測量/心率手錶,Null,5,(3),"$ 2,199.00"
12,Fitbit - SENSE Smartwatch White FB512GLWT-FRCJK,20+ Sold,Null,Null,"$ 2,099.00"
13,Amazfit - T-Rex Pro - Steel Blue,20+ Sold,4.6,(3),"$ 1,298.00"
14,"Samsung - Galaxy Watch Active 2 Smartwatch (40mm, Bluetooth Version, Aqua Black) (Parallel imported)",20+ Sold,5,(2),"$ 1,420.00"
15,SMC - MAGSAFE 20W Magnetic Wireless Charger For iPhone 12 Series / Apple Watch / Airpods,20+ Sold,5,(1),$ 338.80
16,Fitbit - Versa 3 GPS Smart Watch[Midnight/Soft Gold Aluminum],10+ Sold,4,(1),"$ 1,598.00"
17,Fitbit - Luxe Fitness & wellness tracker Lunar White / Soft Gold Stainless Steel FB422GLWT-FRCJK,10+ Sold,Null,Null,"$ 1,198.00"
18,Amazfit - T-Rex Pro Military-grade Toughness GPS Sport Watch,30+ Sold,5,(1),"$ 1,168.00"
19,Xiaomi - Xiaomi Mi Smart Band 6 (Black),30+ Sold,4,(1),$ 299.00
20,JTSK - Japan JTSK 1.39 inch AMOLED video screen wireless charging Bluetooth call smart watch,Null,5,(1),$ 998.00
21,"Amazfit - GTR 2 Smartwatch, Aluminium Alloy",30+ Sold,5,(1),"$ 1,098.00"
22,Fitbit - Versa 3 HEALTH AND FITNESS SMARTWATCH + GPS Onyx Black/Black FB511BKBK-FRCJK/L,30+ Sold,4,(1),"$ 1,699.00"
23,Fitbit - Versa 3 GPS Smart Watch[Black/Black Aluminum],10+ Sold,Null,Null,"$ 1,598.00"
24,JOYROOM - IW001S apple Watch Charger for Series 1-4,100+ Sold,4,(5),$ 80.00
25,Garmin - Garmin Forerunner 245 Music Traditional Chinese,Null,Null,Null,"$ 2,699.00"
26,Xiaomi Youpin - MI YOUPIN  Haylou Smart Watch2  LS02 BLACK -parallel import,100+ Sold,4.3,(9),$ 188.00
27,Fitbit - Charge 4(NFC)Black/Navy FB417BKNV/L,40+ Sold,4,(1),$ 929.00
28,Fitbit - Luxe Fitness & wellness tracker gorjana for Special Edition Peony Classic Band FB422GLPK-FRCJK,Null,Null,Null,"$ 1,698.00"
29,Honor - Honor Magic Watch 2 (46mm) - Charcoal Black｜14天長續航｜24小時心率監測,10+ Sold,4,(1),$ 949.00
30,Belkin - Valet™ Apple Watch + iPhone充電座【獲Apple認證，品質及安全保證】,10+ Sold,5,(1),$ 499.00
31,Garmin - Garmin Instinct Solar Traditional Chinese 香港行貨,Null,5,(1),"$ 2,799.00"
32,Fitbit - Inspire 2 FITNESS TRACKER Black/Black FB418BKBK-FRCJK/L,100+ Sold,3.8,(6),$ 799.00
33,Xiaomi Youpin - MI YouPin  Haylou Solar LS05-1 BLACK -parallel import,60+ Sold,5,(1),$ 249.00
34,Fitbit - Sense Advanced Health Smartwatch[Carbon/Graphite Stainless Steel],Null,Null,Null,"$ 2,088.00"
35,ASUS - VivoWatch SP 智慧手錶｜Pulse O2運動血氧、GPS、高度氣壓計｜【台灣制造】,Null,Null,Null,"$ 2,099.00"
36,JTSK - Japan JTSK X89 Smart HD Big Screen Android Watch Phone (16G),Null,Null,Null,$ 948.00
37,Fitbit - Inspire 2 fitness trackers wristband[Black],20+ Sold,5,(2),$ 780.00
38,"Samsung - Galaxy Watch Active 2 Smartwatch (44mm, Bluetooth version, Pink Gold) (Parallel imported)",Null,Null,Null,"$ 1,420.00"
39,SUUNTO - 9 Peak Ultra Thin Sport GPS SmartWatch [Chinese Support],Null,Null,Null,"$ 5,880.00"
40,citykeys - Apple Watch Adult Octopus Smart Strap (Suitable for 38mm / 40mm / 42mm / 44mm),30+ Sold,3,(1),$ 448.00
41,Amazfit - T-Rex Pro - Meteorite Black,20+ Sold,5,(2),"$ 1,298.00"
42,Belkin - PowerHouse™ Apple Watch 與 iPhone 專用充電座 - 黑色｜【獲Apple認證，品質及安全保證】,30+ Sold,5,(3),$ 448.00
43,Fitbit - Charge 4(NFC)Rosewood FB417BYBY-FRCJK,40+ Sold,Null,Null,$ 929.00
44,Fitbit - Versa 2(NFC)BLACK / CARBON ALUMINIUM FB507BKBK-FRCJK,80+ Sold,5,(2),"$ 1,138.00"
45,Xiaomi - Mi Watch SPORT Black,40+ Sold,4,(1),$ 899.00
46,Xiaomi - Mibro Air Smart Watch｜PPG光學心律傳感器｜12種專業運動模式｜金屬超薄機身｜IP68防水,30+ Sold,3.5,(2),$ 268.00
47,Fitbit - Luxe fitness & wellness wristband,Null,Null,Null,"$ 1,180.00"
48,Fitbit - Luxe Fitness & wellness tracker Black / Graphite Stainless Steel FB422BKBK-FRCJK,10+ Sold,Null,Null,"$ 1,198.00"
49,Xiaomi - 小米手錶 超值版 - 象牙白｜香港小米行貨,30+ Sold,4,(3),$ 429.00
50,Amazfit - T-REX PRO WHITE,Null,Null,Null,"$ 1,168.00"
51,Xiaomi - Mi Smart Band6 Black,10+ Sold,Null,Null,$ 299.00
52,Xiaomi - Mi Watch Lite,60+ Sold,5,(1),$ 429.00
53,Casio - Electronic Watches - MQ-24-1B2LDF  (Parallel Import Goods),100+ Sold,4.6,(9),$ 90.00
54,Fitbit - Versa 3 HEALTH AND FITNESS SMARTWATCH + GPS Pale Yellow Gold/Olive Green FB511GLOL,Null,Null,Null,"$ 1,699.00"
55,Diesel - Full Guard 2.5 gen 4 Smartwatch DZT2010 [適用於Android],Null,Null,Null,$ 698.00
56,Casio - Casio - Electronic Watches - LRW-200H-4B2 (Parallel Import Goods),50+ Sold,4,(1),$ 150.00
57,TSK - Japan TSK smart watch real-time body temperature monitoring heart rate and blood pressure multi-function smart bracelet,10+ Sold,Null,Null,$ 668.00
58,SUUNTO - 7 Versatile GPS sports watch and smart watch in one with Wear OS[Graphite Copper],Null,5,(1),"$ 3,680.00"
59,SUUNTO - 7 Versatile GPS sports watch and smart watch in one with Wear OS[Sandstone Rosegold],Null,Null,Null,"$ 3,680.00"
60,Huawei - Band 6 Smart Watch [4 Colors],30+ Sold,5,(3),$ 348.00
61,Casio - Casio - Electronic Watches - LRW-200H-7B (Parallel Import Goods),40+ Sold,4.6,(3),$ 150.00
62,Amazfit - 香港行貨 T Rex Pro Military Grade Rugged GPS Quad Core 10 ATM Waterproof Sports Smart Watch,Null,Null,Null,"$ 1,168.00"
63,Amazfit - Amazfit Bip U BLACK (sports watch/Over 60 Sport Modes/Heart Rate) - parallel import,20+ Sold,Null,Null,$ 316.00
64,Garmin - Venu 2 Life Style GPS Sport SmartWatch[Traditional Chinese/Simplified Chinese/English],Null,Null,Null,"$ 3,498.00"
65,Fitbit - Versa 2(NFC) Stone/Mist Grey FB507GYSR-FRCJK,Null,Null,Null,"$ 1,199.00"
66,Alphas ONE - [Men's Gift] 4G Double Cam GPS Smart Watch,50+ Sold,1.7,(4),$ 899.00
67,unipha - Portable Wireless Charger for IWatch 6 SE 5 4 Charging Dock Station USB Charger Cable for Apple Watch Series 5 4 3 2 1,30+ Sold,3,(2),$ 92.80
68,Casio - Electronic Watches - MQ-24-1B3LDF (Parallel Import Goods),80+ Sold,4.8,(6),$ 90.00
69,Zeblaze - Ares Smart Watch - BLACK,Null,Null,Null,$ 299.00
70,DESIROUS - V19 New Product Artificial Intelligence Fitness Tracker,30+ Sold,3.3,(3),$ 539.00
71,Casio - Electronic Watches - AE-1200WHB-3B (Parallel Import Goods),50+ Sold,5,(1),$ 210.00
72,Disney - Disney Frozen LED Elsa LED Electronic Watch Smart Watch Children's Watch,60+ Sold,3.6,(3),$ 158.00
73,Garmin - Forerunner 55 GPS Running Smart Watch[Traditional Chinese/English],Null,Null,Null,"$ 1,849.00"
74,Fitbit - Sense Advanced Health Smartwatch[Lunar White/Soft Gold Stainless Steel],Null,Null,Null,"$ 2,088.00"
75,"Amazfit - Bip U Pro Smart Watch, Black",10+ Sold,5,(1),$ 598.00
76,JTSK - Japan JTSK Y21 Children's Smart LBS Location Phone Watch (Upgrade Version)-Pink,20+ Sold,Null,Null,$ 378.00
77,SPEED - 116pro Color Screen Sports Smart Watch,100+ Sold,2.8,(6),$ 148.00
78,Huawei - Smart wristband - Honor 5 (Pink),70+ Sold,3.5,(4),$ 239.00
79,Fitbit - Fitbit Sense Smartwatch - Black,Null,Null,Null,"$ 2,348.00"
80,"Samsung - Galaxy Watch 3 GPS Smartwatch R850 (41mm, Bluetooth Version, Mystic Silver) (Parallel imported)",Null,Null,Null,"$ 2,080.00"
81,"Samsung - Galaxy Watch 3 GPS Smartwatch R850 (41mm, Bluetooth Version, Mystic Bronze) (Parallel imported)",Null,Null,Null,"$ 2,080.00"
82,Amazfit - GTR 2e Smartwatch,Null,Null,Null,$ 998.00
83,Casio - Electronic Watches - MQ-24-7B2LDF (Parallel Import Goods),100+ Sold,4.3,(3),$ 90.00
84,Fitbit - Inspire 2 FITNESS TRACKER Black/Desert Rose FB418BKCR-FRCJK,40+ Sold,5,(1),$ 799.00
85,Fossil - Q Venture Gen 3 Smartwatch FTW6008,Null,1,(1),$ 538.00
86,Huawei - Honor A1 Smart wrsitband (Blue),50+ Sold,4.3,(3),$ 49.00
87,Fitbit - Inspire 2 fitness trackers wristband[Desert Rose],10+ Sold,Null,Null,$ 780.00
88,Casio - Electronic Watch - MQ-24-7BLDF (Parallel Import Goods),80+ Sold,5,(3),$ 90.00
89,JTSK - Japan JTSK Smart S1 Children's Touch Screen LBS Base Station Location Phone Watch for Boys and Girls-Pink,10+ Sold,Null,Null,$ 378.00
90,Little Genius - Little Genius Z6H PURPLE,Null,Null,Null,"$ 1,999.00"
91,Huawei - HUAWEI Watch GT2 Pro Sport Edition Smart Watch,Null,Null,Null,"$ 1,988.00"
92,Fitbit - Fitbit Charge 4 - Black/Navy,Null,Null,Null,$ 998.00
93,Fitbit - Charge 4(NFC)Black/Charcoal Woven(Special Edition Includes:Extra black classic band) FB417BKGY-FRCJK,20+ Sold,Null,Null,"$ 1,149.00"
94,Fitbit - Versa 3 HEALTH AND FITNESS SMARTWATCH + GPS Pale Yellow Gold/Thistle FB511GLGY,Null,5,(1),"$ 1,699.00"
95,Fitbit - Versa 3 HEALTH AND FITNESS SMARTWATCH + GPS Pale Yellow Gold/Navy FB511GLNV-FRCJK/L,10+ Sold,4,(1),"$ 1,699.00"
96,JTSK - Z6 Waterproof Children's Smart Touch Phone Watch LBS Base Station Location Remote Photo - Purple,20+ Sold,1,(1),$ 498.00
97,"Samsung - Galaxy Watch Active 2 Smartwatch (44mm, Bluebooth version, Aqua Black) (Parallel imported)",Null,Null,Null,"$ 1,420.00"
98,Fitbit - Inspire 2 FITNESS TRACKER Black/Black FB418BKBK-FRCJK/L,Null,Null,Null,$ 780.00
99,Fitbit - Versa 3 GPS Smart Watch[Thistle/Soft Gold Aluminum],Null,Null,Null,"$ 1,598.00"
100,Little Genius - Little genius Watch Z6H Green,Null,Null,Null,"$ 1,899.00"
101,"Havit - Havit M9006(Grey) Smart Watch 9.3mm Ultra-Thin Watch 1.4 "" 智能手錶",10+ Sold,Null,Null,$ 230.00
102,Sony - IC Recorder - ICD-UX560F (Black),20+ Sold,Null,Null,$ 598.00
103,Stritra - Watch Charger Charging Cable Cradle Cord Magnetic For Garmin Fenix 5 5s 5x Plus,20+ Sold,Null,Null,$ 40.00
104,"iGlobalStore - 2 in 1 smart watch, TWS Bluetooth headset + temperature measurement smart watch",Null,3,(1),$ 698.00
105,Fitbit - Versa 3 GPS Smart Watch[Pink Clay/Soft Gold Aluminum],Null,Null,Null,"$ 1,598.00"
106,CHOETECH - MFI Certified 2 in 1 Dual Wireless Charger Pad  T317 for Foldable Apple Watch iWatch,Null,Null,Null,$ 598.00
107,Fitbit - Luxe Fitness & wellness tracker Orchid / Platinum Stainless Steel FB422SRMG-FRCJK,Null,Null,Null,"$ 1,198.00"
108,"iGlobalStore - Temperature measurement smart watch, with heart rate monitor, blood pressure monitor, IP67",10+ Sold,Null,Null,$ 568.00
109,COROS - PACE 2 Multisport Watch Navy Black Silicon Band,Null,Null,Null,"$ 1,799.00"
110,Honor - Band 6 - Coral Pink｜智慧測量血氧飽和度SpO2｜50米防水,10+ Sold,Null,Null,$ 329.00
111,"Amazfit - GTR 2 Smartwatch, Stainless Steel",10+ Sold,2,(1),"$ 1,198.00"
112,Garmin - Forerunner 45 GPS Running Watch (Black) (English Version),Null,Null,Null,"$ 1,399.00"
113,JTSK - Japan JTSK-Y21 child smart phone LBS positioning Watch - Blue,10+ Sold,5,(1),$ 398.00
114,SUUNTO - 3 Fitness Copper Sport Smart Watch[SS050210000],Null,Null,Null,"$ 1,328.00"
115,Disney - [Limited Addition] Disney Tusm Tsum graffiti watch children waterproof watch sports electronic watch,Null,Null,Null,$ 298.00
116,TSK - CS6 Children's smart watch,Null,Null,Null,$ 498.00
117,Amazfit - Official T Rex Pro Military Grade Rugged GPS Quad Core 10 ATM Waterproof Sports Smart Watch,Null,5,(1),"$ 1,298.00"
118,Belkin - PowerHouse™ Apple Watch 與 iPhone 專用充電座 - 白色｜【獲Apple認證，品質及安全保證】,10+ Sold,5,(1),$ 448.00
119,Fitbit - Inspire 2 fitness trackers wristband[Lunar White],Null,Null,Null,$ 780.00
120,Casio - Electronic Watch - MQ-24-7ELDF (Parallel Import Goods),60+ Sold,5,(3),$ 90.00
121,JTSK - Children's 4G Video Call AI Positioning Smart Phone Watch-Blue,20+ Sold,Null,Null,$ 948.00
122,Amazfit - T-Rex Pro - Steel Blue,Null,Null,Null,"$ 1,168.00"
123,TSK - Japan TSK SQ12 Waterproof Smart Watch Phone,Null,Null,Null,$ 558.00
124,Amazfit - Official T Rex Pro Military Grade Rugged GPS Quad Core 10 ATM Waterproof Sports Smart Watch,Null,3,(1),"$ 1,280.00"
125,Xiaomi - Mi Watch SPORT (Black),Null,Null,Null,$ 899.00
126,Verbatim - Apple Watch Portable Battery 6700mAh,10+ Sold,2,(2),$ 398.00
127,Fitbit - (Black) Fitbit inspire 2 Fitness Tracker Smart Fitness Bracelet Silicone Strap Smart Watch Wristband Healthy Heart Rate Sports Bracelet Waterproof 50 meters,Null,Null,Null,$ 825.00
128,Fitbit - Fitbit Charge 4 - Black,Null,Null,Null,$ 998.00
129,Casio - Electronic Watch - MQ-24-7B3LDF (Parallel Import Goods),20+ Sold,5,(2),$ 90.00
130,Casio - Electronic Watches - LTP-1183A-1A (Parallel Import Goods),20+ Sold,4.5,(2),$ 185.00
131,Xiaomi - Xiaomi Mi Watch Black,Null,Null,Null,$ 899.00
132,Xiaomi - MI SMAR BAND 5 BLACK - Parallel Import,Null,Null,Null,$ 168.00
133,Havit - M9005W (黑色) 彩色可觸摸式無線充電智能手錶,Null,Null,Null,$ 435.00
134,"Amazfit - Amazfit Neo Smartwatch, Black",Null,Null,Null,$ 298.00
135,Honor - 行動電源 10000mAh AP10QM｜18W 雙向快充｜12 種安全防護指標｜高品質鋰聚合物電池,Null,Null,Null,$ 99.00
136,Zeblaze - GTS 2(Black),Null,Null,Null,$ 468.00
137,"TSK - Japan TSK full-screen touch sports real-time heart rate smart bracelet, oximeter smart watch",Null,Null,Null,$ 663.00
138,"Amazfit - Amazfit Band 5 Fitness Tracker, Orange",10+ Sold,Null,Null,$ 298.00
139,Zeblaze - Ares Smart Watch - RED,Null,Null,Null,$ 299.00
140,"Amazfit - T-Rex New Military Style Sport Watch, Camo (International Version)",Null,Null,Null,$ 898.00
141,#N/A - Nylon Loop Sport Band for Apple Watch 1/2/3/4/5/6 42/44mm,80+ Sold,4.3,(3),$ 85.00
142,MI - Mi Band 5,100+ Sold,5,(2),$ 228.00
143,"Amazfit - Bip U Pro Smart Watch, Green",Null,Null,Null,$ 598.00
144,Casio - Electronic Watch - GA-100B-7A (Parallel Import Goods),Null,4,(1),$ 750.00
145,"Amazfit - GTR- 47mm Aluminium alloy, Black",Null,Null,Null,$ 898.00
146,Zeblaze - Ares Smart Watch - Green,Null,5,(1),$ 299.00
147,TSK - Japan TSK H19 high-performance large-screen monitor smart watch sports,Null,Null,Null,$ 398.00
148,Casio - Casio - Electronic Watches - LRW-200H-2B (Parallel Import Goods),10+ Sold,Null,Null,$ 150.00
149,"Amazfit - Amazfit Band 5 Fitness Tracker, Black",20+ Sold,1,(1),$ 298.00
150,Casio - Electronic Watch - GA-100B-4A (Parallel Import Goods),10+ Sold,4,(1),$ 680.00
151,AMAZINGthing - Impact Shield Pro Apple Watch 44mm Antimicrobial Bumper Case with Tempered Glass,10+ Sold,Null,Null,$ 98.00
152,Casio - Electronic Watch - LTP-1303D-7AVDF (Parallel Import goods),Null,Null,Null,$ 200.00
153,Honor - HONOR Band 6 - Sandstone Grey,Null,Null,Null,$ 329.00
154,JTSK - W19 smart ultra-thin heart rate blood oxygen monitoring sports waterproof watch-pink,10+ Sold,Null,Null,$ 398.00
155,Fitbit - inspire 2 Health & Fitness Tracker + Heart Rate Smart Band Black,20+ Sold,Null,Null,$ 780.00
156,Xiaomi - Xiaomi Mi Watch Lite Navy Blue,Null,Null,Null,$ 429.00
157,Casio - Electronic Watch - BGA-190BC-7B (Parallel Import goods),10+ Sold,Null,Null,$ 650.00
158,MI - Xiaomi Smart Bracelet 5 Dynamic Color Screen Women's Health 24-hour Heart Rate  (parallel import),Null,Null,Null,$ 208.00
159,"Amazfit - Amazfit Band 5 Fitness Tracker, Olive",10+ Sold,Null,Null,$ 298.00
160,Huawei - Huawei Band 6 Amber Sunrise,Null,Null,Null,$ 369.00
161,Casio - Casio - Electronic Watches - LRW-200H-3C (Parallel Import Goods),10+ Sold,Null,Null,$ 150.00
162,JK Lifestyle - Japan TSK W4+ Watch Phone English,Null,Null,Null,$ 698.00
163,"Havit - (Gray) Havit H1103A Touch Screen Business Watch-不銹鋼錶帶手錶 Smart Sports Watch Smart Watch Stainless Steel Strap Calculate heart rate, blood, sleep monitoring Weather forecast 30m water resistance",Null,Null,Null,$ 268.00
164,"JK Lifestyle - Korea JK- smart bracelet sport pedometer heart rate, blood pressure monitoring bracelet pattern",Null,Null,Null,$ 298.00
165,JK Lifestyle - South Korea JK Color Screen M3-PLUS Smart Bracelet Heart Rate and Blood Pressure Bluetooth Sports Bracelet,Null,Null,Null,$ 198.00
166,日本熱銷 - Multifunction Children's Electronic Watch Electronic Watch Electronic Watch-Blue,20+ Sold,3,(1),$ 88.00
167,Casio - Casio - Electronic Watches - LTP-V300D-4A (Parallel Import Goods),Null,Null,Null,$ 320.00
168,Zeblaze - Official GTS Smart Watch IP67 microphone speaker Heart rate sensor BT 5.0 smart watch Grey,Null,Null,Null,$ 398.00
169,"Amazfit - Amazfit Neo Smartwatch, Green",Null,Null,Null,$ 298.00
170,DESIROUS - GT2 Health and Intelligent Sport watch(Black),10+ Sold,Null,Null,$ 669.00
171,CASEMATE - 42/44 mm Apple Watch Linked Watchband – Black/Space Grey,10+ Sold,Null,Null,$ 438.00
172,"Havit - NEW(Blue) Havit M9006 Pro*** Smart Watch 9.3mm Ultra-Thin Watch 1.4"" Screen Size IP67 Waterproof rating",Null,Null,Null,$ 234.00
173,Pelican - Protector Watch Band for Apple Watch 42mm / 44mm - Camo Green (447 C),Null,Null,Null,$ 365.00
174,Zeblaze - Vibe 6 smart watch (Black),Null,Null,Null,$ 599.00
175,Misfit - PHASE SILVER WITH SILICONE STRAP MIS5004 ,Null,Null,Null,$ 338.00
176,Zeblaze - Official GTS Smart Watch IP67 microphone speaker Heart rate sensor BT 5.0 smart watch BLK,Null,Null,Null,$ 398.00
177,Zeblaze - Official GTS 2 Bluetooth calling IP67 Smart Watch Heart rate sensor BT 5.0 Blood pressure Smart Watch Black,Null,Null,Null,$ 468.00
178,Casio - Electronic Watches - AE-1200WHB-1B (Parallel Import Goods),Null,Null,Null,$ 210.00
179,BODY HEAT - Q9 Smart Watch Bracelet multiple colors straps health Monitor Call Alert full message read-Black,100+ Sold,4.4,(15),$ 598.00
180,Zeblaze - Official GTS 2 Bluetooth calling IP67 Smart Watch Heart rate sensor BT 5.0 Blood pressure Smart Watch Black,Null,Null,Null,$ 468.00
181,Zeblaze - Official GTS Smart Watch IP67 microphone speaker Heart rate sensor BT 5.0 smart watch Grey,Null,Null,Null,$ 398.00
182,AsaKusa - V200 Smart Sports Watch,Null,Null,Null,$ 439.00
183,#N/A - Elastic Braided Watchband (Compatible with Apple Watch Series) - Atlantic Blue,20+ Sold,3,(1),$ 129.00
184,Zeblaze - GTS 2(Silver),Null,Null,Null,$ 468.00
185,Lenovo - Color screen Heart rate smart wristband - WD06,10+ Sold,3,(1),$ 199.00
186,Stritra - 6x Watch Strap Band Loop Fastener Ring Bracelet Hoop For Garmin 5/5 Plus 6/6 Pro,10+ Sold,2.5,(2),$ 36.00
187,Casio - Electronic Watches - LQ-139BMV-1B (Parallel Import Goods),20+ Sold,4.6,(3),$ 90.00
188,Casio - Electronic Watch - MTP-E309L-5A (Parallel Import goods) (Parallel Import goods),Null,4,(2),$ 409.00
189,Stritra -  Screen Protector Clear TPU Soft Compatible For Garmin Venu / Active NEW,Null,5,(1),$ 20.00
190,JTSK - Z6 Waterproof Children's Smart Touch Phone Watch LBS Base Station Location Remote Photo-Blue,10+ Sold,Null,Null,$ 473.00
191,JTSK - W18 1.3 inch large screen health step counter sports waterproof smart watch - Purple,10+ Sold,Null,Null,$ 473.00
192,DADO - DO-R: Apple Watch 錶帶 Magsafe 保護殼 蘋果手錶座,20+ Sold,5,(1),$ 298.00
193,Honor - HONOR Band 6 - Coral Pink,Null,Null,Null,$ 329.00
194,AMAZINGthing - Impact Shield Pro Apple Watch 40mm Antimicrobial Bumper Case with Tempered Glass,Null,5,(1),$ 98.00
195,Xiaomi - KKJ-2021 SMART WATCH NY15 (BLACK)  - Parallel Import,Null,Null,Null,$ 168.00
196,SANRIO - [Limited Edition] Sanrio Waterproof Children Electronic LED Smart Sports Bracelet-Hello Kitty White,Null,Null,Null,$ 380.00
197,SUUNTO - MAGNETIC CABLE (S7),Null,Null,Null,$ 300.00
198,Zeblaze - Official Smart Watch Waterproof 30M Blood Pressure Heart Rate Sleep Reconnaissance ARES Kahki,Null,Null,Null,$ 368.00
199,Casio - Electronic Watches - MQ-71-1BDF (Parallel Import Goods),Null,3,(1),$ 90.00
200,JTSK - Japan JTSK Smart S1 Children's Touch Screen LBS Base Station Location Phone Watch for Boys and Girls-Pink,Null,Null,Null,$ 398.00
201,Casio - Electronic Watch - LA670WGA-1 (Parallel Import goods),Null,Null,Null,$ 200.00
202,LaVe Mini - Children's exclusive magic projection electronic watch,Null,Null,Null,$ 70.00
203,Casio - Electronic Watch - LTP-V007D-7E (Parallel Import goods),Null,Null,Null,$ 185.00
204,Nokia - Nokia Go Smart Watch Activity + Sleep Tracking 5ATM Water Resistance (Yellow),10+ Sold,5,(1),$ 118.00
205,Smart Band - E02 Black,20+ Sold,Null,Null,$ 50.00
206,Living Store - Children's exclusive magic projection electronic watch,Null,Null,Null,$ 70.00
207,DESIROUS - V101 Artificial Intelligence Fitness Tracker Monitor for heart rate and sleep (Black),Null,Null,Null,$ 249.00
208,CYGP - GT1 Super Long Standby Waterproof Smart Watch,Null,5,(1),$ 298.00
209,Havit - Havit - M9013 Multi-function Big Screen Sports Smart Watch,10+ Sold,Null,Null,$ 298.00
210,Casio - Electronic Watch - MQ-38-2ADF (Parallel Import Goods),Null,Null,Null,$ 90.00
211,DESIROUS - V100S smart sports fitness tracker New and Fashion Style(Black),Null,Null,Null,$ 279.00
212,"Havit - (Blue) Havit M9006 Pro Smart Watch 9.3mm Ultra-Thin Watch 1.4"" Screen Size IP67 Waterproof rating",Null,Null,Null,$ 234.00
213,Casio - Electronic Watches - MQ-71-2BDF (Parallel Import Goods),Null,Null,Null,$ 90.00
214,TCL - MT10 Smartwatch (Black),50+ Sold,3.1,(6),$ 199.00
215,SUUNTO - Spartan Ultra Black SS022659000 Watch (Parallel imported products),Null,Null,Null,"$ 3,402.00"
216,Casio - Electronic Watch - GA-500WG-7A (Parallel Import goods),Null,Null,Null,$ 768.00
217,Casio - Electronic Watch - BGA-160-4B  (Parallel Import goods),Null,Null,Null,$ 608.00
218,Casio - Electronic Watch - MTP-E301D-1B (Parallel Import goods),Null,4,(1),$ 388.00
219,Casio - Electronic Watch - MTP-E309L-1A (Parallel Import goods) (Parallel Import goods),Null,Null,Null,$ 409.00
220,Casio - Electronic Watch - MTP-E309L-3A (Parallel Import goods),Null,2,(2),$ 409.00
221,Nokia - Steel 36 mm Activity & Sleep waterproof bluetooth smart watch Limited Edition Rose GOLD,Null,Null,Null,"$ 1,460.00"
222,SUUNTO - Spartan Sport Wrist HR Baro Stealth (Parallel Import goods),Null,Null,Null,"$ 2,999.00"
223,SUUNTO - Traverse Alpha Woodland (Parallel Import goods),Null,Null,Null,"$ 2,749.00"
224,SUUNTO - Traverse Alpha Concrete (Parallel Import goods),Null,Null,Null,"$ 2,749.00"
225,SUUNTO - 9 multisport GPS watch - Black,Null,Null,Null,"$ 3,912.00"
226,SUUNTO - 3 Fitness - Copper,Null,Null,Null,"$ 1,752.00"
227,MyKronoz - ZeTime Premium - Brushed Pink Gold/Brown Vintage Leather (44mm),Null,Null,Null,$ 849.00
228,SUUNTO - Spartan Trainer Wrist HR Gold (Parallel Import goods),Null,Null,Null,"$ 1,699.00"
229,New Balance - EX2-906 (Light green/Grey),40+ Sold,Null,Null,$ 200.00
230,SUUNTO - Spartan Sport Wrist HR - Blue,Null,Null,Null,"$ 3,592.00"
231,SUUNTO - Spartan Sport Wrist HR - Sakura,Null,Null,Null,"$ 3,592.00"
232,Withings - NOKIA Go Activity & Sleep Tracker BLUE Genuine Product,Null,Null,Null,$ 238.00
233,Withings - Nokia Go Activity & Sleep Tracker Red Genuine Product,Null,Null,Null,$ 238.00
234,Withings - Nokia Go Activity & Sleep Tracker Green Genuine Product,Null,5,(1),$ 238.00
235,SUUNTO - Spartan Trainer Wrist HR - Blue,Null,Null,Null,"$ 1,832.00"
236,LG - LG CAM Plus Only Suitable For LG G5(Parallel imported products),Null,4,(1),$ 59.00
237,Xiaomi - Amazfit Band 2 Black A1713,Null,Null,Null,$ 528.00
238,"Amazfit - Bip S SmartWatch, Pink (International Version)",Null,Null,Null,$ 698.00
239,Fitbit - Versa 2(NFC)STONE / MIST GREY ALUMINIUM FB507GYSR-FRCJK,30+ Sold,1,(1),"$ 1,138.00"
240,"Garmin - Vivomove Luxe Hybrid Smartwatch[T.CN/S.CN/ENG][Gold-white, Leather]",Null,Null,Null,"$ 3,498.00"
241,"Garmin - Vivomove Luxe Hybrid Smartwatch[T.CN/S.CN/ENG][Rose Gold, Milanese]",Null,Null,Null,"$ 4,598.00"
242,"Amazfit - Bip S SmartWatch, Carbon Black (International Version)",Null,Null,Null,$ 598.00
243,Fitbit - Charge 4(NFC)Rosewood FB417BYBY-FRCJK,Null,Null,Null,$ 929.00
244,Fitbit - Charge 4(NFC)Black/Charcoal Woven(Special Edition Includes:Extra black classic band) FB417BKGY-FRCJK,Null,Null,Null,"$ 1,149.00"
245,Calvin Klein - CK Impetuous - Ladies Watches - K4F2N116 (Parallel Import Goods),Null,Null,Null,"$ 1,250.00"
246,Calvin Klein - CK City - Ladies Watches - K2G23620 (Parallel Import Goods),Null,Null,Null,"$ 1,250.00"
247,Calvin Klein - CK Stately - Ladies Watches - K3G23126 (Parallel Import Goods),Null,Null,Null,"$ 1,250.00"
248,JTSK - N9 large screen waterproof sports heart rate monitoring smart watch (metal belt),Null,4,(2),$ 568.00
249,Polar - Ignite Fitness watch with GPS and heart rate - Black (S size),Null,Null,Null,"$ 1,880.00"
250,SUUNTO - 9 Black Sport Smart Watch[SS050146000],Null,1,(1),"$ 2,949.00"
251,SUUNTO - Spartan Sport Wrist HR Baro Stealth Sport Smart Watch[SS023414000],Null,Null,Null,"$ 2,949.00"
252,SUUNTO - Spartan Sport Wrist HR Baro Graphite Sport Smart Watch[SS023946000],Null,Null,Null,"$ 2,949.00"
253,SUUNTO - Spartan Sport Wrist HR Copper Sport Smart Watch[SS023312000],Null,Null,Null,"$ 2,949.00"
254,SUUNTO - Spartan Sport Wrist HR Gold Sport Smart Watch[SS023415000],Null,Null,Null,"$ 2,949.00"
255,SUUNTO - Spartan Sport Wrist HR Blue Sport Smart Watch[SS022991000],Null,Null,Null,"$ 2,698.00"
256,SUUNTO - Spartan Sport Wrist HR Sakura Sport Smart Watch[SS022992000],Null,Null,Null,"$ 2,698.00"
257,SUUNTO - Spartan Trainer Wrist HR BlueSport Smart Watch[SS023000000],Null,Null,Null,"$ 1,398.00"
258,SUUNTO - 3 Fitness Gold Sport Smart Watch[SS050069000],Null,Null,Null,"$ 1,328.00"
259,SUUNTO - 3 Fitness Black Sport Smart Watch[SS050067000],Null,Null,Null,"$ 1,199.00"
260,SUUNTO - 9 Baro Gold Leather Sport Smart Watch[SS050253000],Null,Null,Null,"$ 4,288.00"
261,SUUNTO - 9 Baro White Sport Smart Watch[SS050088000],Null,Null,Null,"$ 3,688.00"
262,"Verbatim - Li-ion Apple Watch Power Pack 6,700mAh",Null,Null,Null,$ 598.00
263,Fitbit - Versa 3 GPS Smart Watch Black,Null,Null,Null,"$ 1,598.00"
264,Fitbit - Versa 3 HEALTH AND FITNESS SMARTWATCH + GPS Onyx Black/Black FB511BKBK-FRCJK/L,Null,Null,Null,"$ 1,640.00"
265,Fitbit - Inspire 2 FITNESS TRACKER Black/Lunar White FB418BKWT-FRCJK/L,Null,Null,Null,$ 780.00
266,Fitbit - Fitbit Versa 3 GPS Smart Watch - Black,Null,Null,Null,"$ 1,768.00"
267,MI - Mi Xiaomi Band 5 (Black),Null,Null,Null,$ 288.00
268,Fitbit - Fitbit Sense Smartwatch - White,Null,Null,Null,"$ 2,348.00"
269,UNIQ - GARDE AW TPU Bumper & Screen 44mm SMOKE,Null,Null,Null,$ 108.00
270,UNIQ - GARDE AW TPU Bumper & Screen 40mm SMOKE,Null,Null,Null,$ 108.00
271,Fossil - Women's Sport Metal Silicone Touchscreen Smartwatch Heart Rate GPS NFC Ftw6024 Parallel import,Null,Null,Null,$ 998.00
272,Fossil - Mens Gen 4 Explorist HR GPS NFC Stainless Steel Touch Screen Smart Watch FTW4012 Parallel import,Null,Null,Null,"$ 1,488.00"
273,Fossil - Women's Gen 4 Venture HR Touchscreen Smartwatch Heart Rate GPS NFC Ftw6015 Parallel import,Null,Null,Null,"$ 1,488.00"
274,Fossil - Women's Sport Metal Silicone Touchscreen Smartwatch Heart Rate GPS NFC Ftw6024 Parallel import,Null,Null,Null,$ 998.00
275,Fossil - Mens Gen 4 Explorist HR GPS NFC Stainless Steel Touch Screen Smart Watch FTW4012 Parallel import,Null,Null,Null,"$ 1,488.00"
276,Fossil - Women's Gen 4 Venture HR Touchscreen Smartwatch Heart Rate GPS NFC Ftw6015 Parallel import,Null,Null,Null,"$ 1,488.00"
277,Misfit - Phase Smartwatch white leather MIS5003,Null,Null,Null,$ 388.00
278,Casio - AE-1200WHD-1A,Null,Null,Null,$ 498.00
279,Amazfit - Amazfit T-Rex Pro 運動智能手錶 (繁體字版) 藍色,Null,Null,Null,"$ 1,298.00"
280,COROS - APEX Pro Multisport Watch Black Silicon Band,Null,Null,Null,"$ 4,199.00"
281,SUUNTO - MAGNETIC CABLE (S9),Null,Null,Null,$ 300.00
282,SUUNTO - 9 ZH BARO CHARCOAL TITANIUM,Null,Null,Null,"$ 6,090.00"
283,TSK - Japan TSK-4G Full Netcom Video Heart Rate Blood Pressure Waterproof Elderly Positioning Watch,Null,Null,Null,$ 998.00
284,Fitbit - Versa 3 GPS Smart Watch[Oliver/Soft Gold Aluminum],Null,Null,Null,"$ 1,648.00"
285,JTSK - Japan JTSK X89 Smart HD Big Screen Android Watch Phone (16G),Null,Null,Null,$ 998.00
286,Huawei - HONOR Watch GS Pro - Charcoal Black｜25天續航能力｜14項軍規標準MIL-STD-810G｜心率及血氧飽和度監察｜GPS 軌跡返航,Null,5,(1),"$ 1,168.00"
287,eGeeTouch - eGeeTouch - NFC+BT TSA Travel Lock [Black Color],Null,Null,Null,$ 398.00
288,Amazfit - Zepp E Smartwatch,Null,Null,Null,$ 998.00
289,Fitbit - Charge 4(NFC)Black/Navy FB417BKNV/L,Null,Null,Null,$ 929.00
290,Moshi - Apple Watch Travel Stand for Charging - White,Null,3,(1),$ 280.00
291,Casio - MTP-VT01GL-2B Leather Watch,Null,Null,Null,$ 550.00
292,Casio - MTP-VT01GL-5B Leather Watch,Null,Null,Null,$ 550.00
293,"Amazfit - GTR Elegant GPS Sport SmartWatch, 47mm Aluminium alloy, Black (International Version)",Null,Null,Null,$ 898.00
294,"Amazfit - Amazfit GTS SmartWatch, Obsidian Black (International Version)",Null,5,(1),$ 998.00
295,Fitbit - Fitbit Charge 4 - Special Edition Woven,Null,Null,Null,"$ 1,198.00"
296,TSK - Japan TSK-4G Full Netcom Video Heart Rate Blood Pressure Waterproof Elderly Positioning Watch,Null,Null,Null,$ 948.00
297,"Amazfit - GTR Elegant GPS Sport SmartWatch, 42mm Cherry Blossom Pink (International Version)",Null,Null,Null,$ 898.00
298,Fitbit - Inspire 2 FITNESS TRACKER Black/Lunar White FB418BKWT-FRCJK/L,30+ Sold,Null,Null,$ 799.00
299,Fitbit - Fitbit Inspire 2 Health & Fitness Tracker + Heart Rate - Desert Rose,Null,Null,Null,$ 828.00
300,Fitbit - Fitbit Inspire 2 Health & Fitness Tracker + Heart Rate - Lunar White,Null,Null,Null,$ 828.00
301,Fitbit - Fitbit Versa 3 GPS Smart Watch - Pink,Null,Null,Null,"$ 1,768.00"
302,Fitbit - Versa 3 HEALTH AND FITNESS SMARTWATCH + GPS Pale Yellow Gold/Pink Clay FB511GLPK-FRCJK/L,10+ Sold,Null,Null,"$ 1,699.00"
303,Verbatim - 4 in 1 45W Apple Watch & Smartphone Wireless Charging Dock,Null,Null,Null,$ 698.00
304,citykeys - Child Octopus Watch M1 Shark edition,10+ Sold,Null,Null,$ 328.00
305,Casio - MTP-VT01L-1B,Null,Null,Null,$ 550.00
306,Casio - Casio - Electronic Watches - LRW-200H-4B (Parallel Import Goods),Null,Null,Null,$ 150.00
307,Pelican - Pelican Protector Watch Band for Apple Watch 42mm / 44mm - Black,Null,Null,Null,$ 365.00
308,Xiaomi - Hong Kong original licensed Mi Band Smart band 5,Null,Null,Null,$ 288.00
309,Zeblaze - Thor 6 smart watch (Black),Null,Null,Null,"$ 2,099.00"
310,Huawei - HONOR Watch Magic Strap Dark Blue,Null,Null,Null,$ 128.00
311,Garmin - vivfit 4 - Authorized Dealer,Null,Null,Null,$ 748.00
312,Popolo - Retrovoga Silver Automatic Watch,Null,Null,Null,"$ 1,999.00"
313,Popolo - Retrovoga Black Automatic Watch,Null,Null,Null,"$ 1,999.00"
314,Zeblaze - (Black)Vibe 3 GTS Smart Fitness Watch Zeblaze,Null,Null,Null,$ 450.00
315,Xiaomi - Band 3  - parallel import,Null,Null,Null,$ 188.00
316,Fitbit - Charge 4 - Black,Null,Null,Null,"$ 1,328.00"
317,Garmin - Garmin vivosmart 4 S-M Black 中文版 - Authorized Dealer,Null,Null,Null,"$ 1,180.00"
318,Zeblaze - GTS (Black),Null,Null,Null,$ 398.00
319,Zeblaze - GTS (Blue),Null,Null,Null,$ 398.00
320,Zeblaze - GTS (Grey),Null,Null,Null,$ 398.00
321,Zeblaze - GTS (Purple),Null,Null,Null,$ 398.00
322,JTSK - Smart children's body temperature measurement waterproof positioning phone watch real-time accurate temperature measurement-green,Null,Null,Null,$ 568.00
323,AMAZINGthing - Impact Shield PMMA Apple Watch 9H Fully Covered Screen Protector,10+ Sold,Null,Null,$ 98.00
324,Casio G-Shock - GA-2000-1A2,Null,Null,Null,$ 980.00
325,Casio G-Shock - MTG-B1000XB-1A,Null,Null,Null,"$ 6,680.00"
326,Seiko - Made in Japan SBSA047 100m Water Resistant,Null,Null,Null,"$ 2,980.00"
327,Casio - MTP-VT01GL-3B 皮帶手錶,Null,Null,Null,$ 550.00
328,SW - SnapWatch time display 12/24 hr Date Sw02 Purple,Null,Null,Null,$ 99.00
329,SW - SnapWatch time display 12/24 hr Date Sw06 Dragon,Null,Null,Null,$ 99.00
330,Others - SnapWatch time display 12/24 hr Date Sw04 Sharkies,Null,Null,Null,$ 99.00
331,SW - SnapWatch time display 12/24 hr Date Sw01 Black,Null,Null,Null,$ 99.00
332,SW - SnapWatch time display 12/24 hr Date Sw03 Astronauts,Null,Null,Null,$ 99.00
333,Zeblaze - (Black)Vibe 3 GTS Smart Fitness Watch Zeblaze,Null,Null,Null,$ 499.00
334,Zeblaze - (Black)Neo 2 Smart Watch  Zeblaze,Null,Null,Null,$ 449.00
335,Popolo - Retrovoga Aqua Automatic Watch,Null,Null,Null,"$ 1,999.00"
336,CASEMATE - 42-44mm Apple Watch Tough Clear Bumper,Null,4,(1),$ 98.00
337,CASEMATE - 42/44 mm Apple Watchband - Sheer Glam - Noir,Null,Null,Null,$ 298.00
338,CASEMATE - Apple Watch 42-44mm Nylon Band - Black,Null,Null,Null,$ 298.00
339,GloTech - Glowatch series GW Pro Multi-Funtional Bluetooth Smart Watch - Red,Null,Null,Null,$ 499.00
340,Fossil - Gen 5 Smartwatch - Julianna HR Black Stainless Steel FTW6036,Null,Null,Null,"$ 2,210.00"
341,Zeblaze - (Black)Neo 2 Smart Watch  Zeblaze,Null,Null,Null,$ 450.00
342,Honor - Honor Watch GS Pro Black,Null,Null,Null,"$ 1,798.00"
343,Garmin - Venu GPS SmartWatch[AMOLED][T.CN/S.CN/ENG][Black/Slate],Null,Null,Null,"$ 2,898.00"
344,Garmin - Venu GPS SmartWatch[AMOLED][T.CN/S.CN/ENG][Light Sand/Rose Gold],Null,Null,Null,"$ 2,898.00"
345,Polar - IGNITE GPS Sport SmartWatch[Black][S Size],Null,Null,Null,"$ 1,980.00"
346,Amazfit - Band 2 (Black),Null,Null,Null,$ 599.00
347,Garmin - Fenix 5 Plus GPS SmartWatch[English][Silver with Black Silicone],Null,Null,Null,"$ 4,499.00"
348,Garmin - Fenix 5S Plus GPS SmartWatch[English][Silver with Black Silicon],Null,Null,Null,"$ 4,499.00"
349,JK Lifestyle - Korea JKQ1 color screen smart bracelet long standby waterproof heart rate blood pressure sleep monitoring health round bracelet,Null,Null,Null,$ 498.00
350,Garmin - Fenix 6S Sapphire GPS SmartWatch[T.CN/S.CN/ENG][Rose Gold-tone with Black Nylon Band],Null,Null,Null,"$ 7,298.00"
351,Garmin - Fenix 6S Sapphire GPS SmartWatch[T.CN/S.CN/ENG][Carbon Gray DLC with Black Band],Null,Null,Null,"$ 6,798.00"
352,Polar - Ignite Fitness watch with GPS and heart rate - Yellow (M/L size),Null,Null,Null,"$ 1,980.00"
353,Xiaomi - [HK Warranty] Mi Smart Band 4,40+ Sold,3,(2),$ 289.00
354,Honvve - 2 in 1 Bluetooth headset with smart bracelet,Null,2,(1),$ 499.00
355,SUUNTO - 3 Made in Finland Nordic Design Sport Life Balance Watch[Granite Red],Null,Null,Null,"$ 1,338.00"
356,Fitbit - Versa 2(NFC)Petal/Copper Rose FB507RGPK-FRCJK,Null,Null,Null,"$ 1,199.00"
357,Fitbit - Versa 2(NFC)Black/Carbon FB507BKBK-FRCJK,10+ Sold,Null,Null,"$ 1,199.00"
358,"Fitbit - Versa 2 SE(NFC),Smoke Woven FB507GYGY-FRCJK",Null,Null,Null,"$ 1,280.00"
359,Fitbit - Versa 2(NFC)SPECIAL EDITION SMOKE WOVEN / MIST GREY ALUMINIUM FB507GYGY-FRCJK,Null,Null,Null,"$ 1,399.00"
360,SUUNTO - 7 Versatile GPS sports watch and smart watch in one with Wear OS[Black Lime],Null,Null,Null,"$ 3,680.00"
361,Garmin - Instinct Tactical Edition Rugged GPS SmartWatch[Traditional Chinese/English][Camo Graphite],Null,5,(1),"$ 2,738.00"
362,Garmin - Instinct Tactical Edition Rugged GPS SmartWatch[Traditional Chinese/English][Camo Coyote Tan],Null,Null,Null,"$ 2,738.00"
363,"Amazfit - Amazfit GTS SmartWatch, Obsidian Black (International Version)",Null,Null,Null,$ 898.00
364,Honor - Magicwatch 2 (46mm) - Charcoal Black,Null,5,(1),"$ 1,488.00"
365,"Amazfit - Stratos 3 Smart GPS Sport Watch, Black (International Version)",Null,Null,Null,"$ 1,298.00"
366,Amazfit - GTR Elegant GPS Sport SmartWatch[Aluminium Alloy][47mm],Null,Null,Null,"$ 1,349.00"
367,Alcatel - Alcatel Moveband MB10 (BLACK)[Easco 7Days Warranty],Null,3.6,(9),$ 28.00
368,Casio - Casio G-Shock G-Steel - GST-210B-1A (parallel import),Null,Null,Null,"$ 1,490.00"
369,Casio - Casio G-Shock GST-S100G-1ADR (parallel import),Null,Null,Null,"$ 1,390.00"
370,Casio - Casio G-Shock GAX-100B-1A (parallel import),Null,4,(1),$ 850.00
371,Nokia - Nokia Go Activity & Sleep Tracker Yellow Genuine Product,Null,Null,Null,$ 238.00
372,Nokia - Nokia Go Smart Watch Activity + Sleep Tracking 5ATM Water Resistance (Blue),Null,Null,Null,$ 168.00
373,Nokia - Nokia Go Smart Watch Activity + Sleep Tracking 5ATM Water Resistance (Green),Null,Null,Null,$ 168.00
374,Nokia - Nokia Go Smart Watch Activity + Sleep Tracking 5ATM Water Resistance (Red),Null,Null,Null,$ 168.00
375,Nokia - Nokia Go Smart Watch Activity + Sleep Tracking 5ATM Water Resistance (Yellow),Null,Null,Null,$ 168.00
376,MyKronoz - ZeTime Hybird SmartWatch elite regular brushed silver milanese myk-16-sl-sl 44mm,Null,Null,Null,"$ 1,119.00"
377,SEIKO - SEIKO PROSPEX SOLAR BLACK Made in Japan SBEP013,Null,Null,Null,"$ 1,980.00"
378,Nokia - Steel HR 36 mm Heart Rate Activity waterproof bluetooth smart watch WHITE,Null,Null,Null,"$ 1,300.00"
379,Nokia - Steel HR 36 mm Heart Rate Activity waterproof bluetooth smart watch BLACK,Null,Null,Null,"$ 1,300.00"
380,Nokia - Steel HR 40 mm Heart Rate Activity waterproof bluetooth smart watch BLACK,Null,Null,Null,"$ 1,680.00"
381,Nokia - Steel 36 mm Activity & Sleep waterproof bluetooth smart watch Limited Edition BLACK,Null,4,(1),$ 990.00
382,Xiaomi - Smart wristband - AMAZFIT Cor (Black),30+ Sold,4.5,(2),$ 479.00
383,SUUNTO - Spartan Titanium HR SS022654000 Watch (Parallel imported products),Null,Null,Null,"$ 4,095.00"
384,SUUNTO - Spartan Ultra Black HR SS022658000,Null,Null,Null,"$ 3,582.00"
385,Catalyst - Drop PROOF Impact Protection CASE Apple Watch 38 mm Series 2 or 3 Army Green,Null,Null,Null,$ 280.00
386,Catalyst - Drop PROOF Impact Protection CASE Apple Watch 38 mm Series 2 or 3 Coral,Null,Null,Null,$ 280.00
387,SUUNTO - Spartan Sports Wrist HR Baro - Stealth,Null,Null,Null,"$ 4,690.00"
388,SUUNTO - Spartan Sports Wrist HR - Gold,Null,Null,Null,"$ 4,690.00"
389,SUUNTO - Spartan Sports Wrist HR - Copper Special Edition,Null,Null,Null,"$ 4,690.00"
390,SUUNTO - 9 Baro - White,Null,Null,Null,"$ 5,790.00"
391,SUUNTO - 3 Fitness - Gold,Null,Null,Null,"$ 1,990.00"
392,SUUNTO - 3 Fitness - Black,Null,Null,Null,"$ 1,790.00"
393,Catalyst - WATERPROOF Drop proof IP67 CASE with HOOK For Airpods Coral,Null,Null,Null,$ 208.00
394,Casio - Casio G-SHOCK GW-M5610-1JF JAPAN ORIGIN Solar Radio Men's Watch Parallel Import,Null,Null,Null,"$ 1,190.00"
395,"Samsung - Galaxy Watch Bluetooth Version SM-R800 - [46mm, Silver] (Parallel imported)",40+ Sold,Null,Null,"$ 1,540.00"
396,Withings - Nokia Steel HR 40mm Multi Sport Hybrid Waterproof Smartwatch Black,Null,Null,Null,"$ 1,998.00"
397,Casio - Casio G-SHOCK G-SQUAD GBD-800-4 (parallel import),Null,5,(1),$ 750.00
398,Casio - Electronic Watch - AE-1300WH-1A2 (Parallel Import goods),80+ Sold,3.5,(4),$ 210.00
399,Casio - CASIO GW-9400J-1JF RANGEMAN (parallel import),Null,Null,Null,"$ 2,550.00"
400,Casio - Casio G-Shock Gravitity Master GA-1000-1ADR (parallel import),Null,Null,Null,"$ 1,450.00"
401,Casio - Casio G-Shock Gravitymaster GA-1000-1BDR (parallel import),Null,Null,Null,"$ 1,450.00"
402,Huawei - Honor A1 Smart wrsitband (White),20+ Sold,1,(1),$ 80.00
403,Lenovo - Lenovo G03 Smart Bracelet (Hong Kong licensed),20+ Sold,2,(2),$ 188.00
404,KINGWEAR - Qiwo Smart KW98 3G GPS Android Wear Smart Watch (3 colors) - Twilight,Null,Null,Null,"$ 1,007.00"
405,Lenovo - Watch X Smartwatch - Black,20+ Sold,3,(4),$ 299.00
406,Lenovo - HX03F Smart Fitness Band Colorfull Display,100+ Sold,2.3,(8),$ 299.00
407,TSK - H8 Fashion Ladies Smart Watch,20+ Sold,4,(1),$ 635.00
408,Calvin Klein - CK City - Men's Watches - K2G211C6 (Parallel Import Goods),Null,Null,Null,$ 980.00
409,Calvin Klein - CK City - Ladies Watches - K2G23126 (Parallel Import Goods),Null,Null,Null,"$ 1,250.00"
410,Calvin Klein - CK City - Ladies Watches - K2G231C6 (Parallel Import Goods),Null,Null,Null,$ 980.00
411,Casio - Electronic Watches - MQ-71-4BDF (Parallel Import Goods),Null,Null,Null,$ 90.00
412,MyKronoz - ZeSport² Multisport GPS Smartwatch - Black Grey,Null,Null,Null,$ 699.00
413,TSK - H19 Big Screen Smart Watch (Milan belt),30+ Sold,2.7,(4),$ 445.00
414,Garmin - Instinct Rugged GPS SmartWatch[Traditional Chinese/English][Tundra],Null,Null,Null,"$ 1,880.00"
415,Garmin - Instinct Rugged GPS SmartWatch[Traditional Chinese/English][Seafoam],Null,Null,Null,"$ 1,880.00"
416,Fitbit - Ace 3 Kid's activity tracker Special Edition Minions Black Yellow FB419BKYW/L,Null,Null,Null,$ 568.00
417,Xiaomi - Mi Watch LITE (Black),Null,Null,Null,$ 429.00
418,Garmin - fenix 6X Sapphire Smartwatch (Carbon Gray DLC / Black Band) (English Version),Null,Null,Null,"$ 5,699.00"
419,Garmin - Fenix 6 Pro Black with Black Band Smartwatch (English Version),Null,Null,Null,"$ 4,699.00"
420,Garmin - VENU SQ GPS Smartwatch (Shadow Gray / Slate) (English Version),Null,Null,Null,"$ 1,699.00"
421,Garmin - Venu SQ GPS Smartwatch (White/ Light Gold) (English Version),Null,Null,Null,"$ 1,699.00"
422,Garmin - Venu SQ GPS Smartwatch (Lavender/ Purple) (English Version),Null,Null,Null,"$ 1,699.00"
423,Zeblaze - Official GTS 2 Bluetooth calling IP67 Smart Watch Heart rate sensor BT 5.0 Blood pressure Smart Watch Silver,Null,Null,Null,$ 468.00
424,Zeblaze - Official GTS 2 Bluetooth calling IP67 Smart Watch Heart rate sensor BT 5.0 Blood pressure Smart Watch Rose Gold,Null,Null,Null,$ 468.00
425,Zeblaze - Official Smart Watch Waterproof 30M Blood Pressure Heart Rate Sleep Reconnaissance ARES Kahki,Null,Null,Null,$ 368.00
426,Zeblaze - Official GTS 2 Bluetooth calling IP67 Smart Watch Heart rate sensor BT 5.0 Blood pressure Smart Watch Rose Gold,Null,Null,Null,$ 468.00
427,Casio - Casio G-Shock Woman Series watch GMA-S140M-1ADR,Null,Null,Null,$ 850.00
428,Casio - Casio G-Shock Full metal Series digital Watch AWM-500D-1A8,Null,Null,Null,"$ 3,190.00"
429,Casio - Casio G-Shock 5600 Series Digital watch GM-S5600-1,Null,Null,Null,"$ 1,250.00"
430,Casio - Casio G-Shock G-Steel Series digital analog Solar Watch GST-B300-1A,Null,Null,Null,"$ 1,550.00"
431,Casio - Casio G-Shock Digital analog Cloth band watch GA-900C-1A4,Null,Null,Null,$ 980.00
432,Casio - Casio G-Shock Tough Solar Digital Analog Watch GAS-100AR-1A,Null,Null,Null,"$ 1,050.00"
433,MyKronoz - ZeSport2 GPS Smart Watch,Null,Null,Null,$ 799.00
434,citykeys - Adult Octopus Watch BK/BK 122.0101,Null,Null,Null,$ 588.00
435,citykeys - Adult Octopus Watch WH/CL 142.0102,Null,Null,Null,$ 488.00
436,citykeys - Adult Octopus Watch BK/BK 142.0206,Null,Null,Null,$ 488.00
437,citykeys - Adult Octopus Watch BK/BK 152.0101,Null,Null,Null,$ 528.00
438,Casio G-Shock - GW9400-1B GW-9400,Null,Null,Null,"$ 2,280.00"
439,Casio - Electronic Watch - MQ-24-7E2LDF (Parallel Import Goods),Null,Null,Null,$ 90.00
440,"Amazfit - T-Rex New Military Style Sport Watch, Camo (International Version)",Null,Null,Null,$ 898.00
441,REMAX - 智能手錶 超薄機身RL-EP09,Null,1,(1),$ 128.00
442,Samsung - (MYSTIC SILVER)GALAXY WATCH 3 R850 STAINLESS 41MM BLUETOOTH VERSION,Null,Null,Null,"$ 2,848.10"
443,Samsung - (MYSTIC BRONZE)GALAXY WATCH 3 R850 STAINLESS 41MM BLUETOOTH VERSION,Null,Null,Null,"$ 2,998.00"
444,Castello - 42/44 mm Italian Leather Apple Watchband,Null,Null,Null,$ 298.00
445,Huawei - Huawei Watch Fit Black,Null,5,(1),$ 888.00
446,Huawei - Huawei Watch Fit Mint,Null,Null,Null,$ 888.00
447,SUUNTO - Traverse White Silicone Strap (Parallel Import goods),Null,Null,Null,$ 199.00
448,SOUNDPEATS - Sports Watch 1 IP68 智能運動手錶,Null,Null,Null,$ 399.00
449,Casio G-Shock - GMW-B5000GD-9 35th Anniversary Model,Null,5,(1),"$ 4,790.00"
450,SUUNTO - Suunto 3 Fitness All Black (Parallel Import goods),Null,Null,Null,"$ 1,379.00"
451,SUUNTO - Suunto 3 Fitness Gold (Parallel Import goods),Null,Null,Null,"$ 1,379.00"
452,Casio G-Shock - GMA-S120MF-7A2 Anti Magnetic Watch Shock Resistant,Null,Null,Null,"$ 1,190.00"
453,SUUNTO - Suunto 3 Fitness Ocean (Parallel Import goods),Null,Null,Null,"$ 1,279.00"
454,Amazfit - T-Rex Military Grade GPS Sport Smart Watch 48mm Camo Green,Null,Null,Null,"$ 1,180.00"
455,Amazfit - T-Rex Military Grade GPS Sport Smart Watch 48mm Camo Green,Null,Null,Null,"$ 1,180.00"
456,"Amazfit - Bip S SmartWatch, Carbon Black (International Version)",Null,Null,Null,$ 528.00
457,Misfit - PHASE BLACK WITH SILICONE STRAP MIS5000,10+ Sold,Null,Null,$ 338.00
458,Misfit - PHASE BLACK ROSE WITH BLACK LEATHER STRAP MIS5002,Null,Null,Null,$ 388.00
459,Misfit - PHASE GREY WITH BROWN LEATHER STRAP MIS5007,Null,Null,Null,$ 388.00
460,Skagen - LEATHER WOMEN HYBRID SKT1104,Null,Null,Null,$ 488.00
461,Skagen - HYBRID SIGNATUR DARK BROWN LEATHER SKT1111 17701030,Null,Null,Null,$ 488.00
462,Skagen - HYBRID SIGNATUR STEEL - MESH SKT1113 11701048,Null,Null,Null,$ 488.00
463,Skagen - HYBRID HAGEN STEEL-MESH SKT1109 11700889  ,Null,Null,Null,$ 568.00
464,Fossil - Q HYBRID GRANT BLACK AND SMOKE-TONE STAINLESS STEEL FTW1139 11701312,Null,Null,Null,$ 598.00
465,Fossil - Q HYBRID ACCOMPLICE SAND LEATHER FTW1200 11701283,Null,Null,Null,$ 568.00
466,Fitbit - SENSE Smartwatch White FB512GLWT-FRCJK,Null,Null,Null,"$ 2,099.00"
467,Fitbit - SENSE Smartwatch (Black) FB512BKBK-FRCJK,Null,Null,Null,"$ 2,099.00"
468,Huawei - Huawei Watch GT2 Pro 46mm Sport Edition Black,Null,Null,Null,"$ 2,488.00"
469,Fitbit - SENSE GPS Smart Watch [2 Colors],Null,Null,Null,"$ 2,088.00"
470,"VOCA - Bluetooth SOS Wristband (Compatible with VOCA V330/530/533 Senior Cell Phone, Water Resistant)",Null,Null,Null,$ 148.00
471,SUUNTO - Spartan Trainer Wrist HR Blue (Parallel Import goods),Null,Null,Null,"$ 1,499.00"
472,Seiko - Prospex SPB123J1 Made in Japan 6535 Movement Vintage Series Automatic Watch,Null,Null,Null,"$ 5,380.00"
473,Seiko - Prospex Solar Leather Band Watch SZTR009 Made in Japan,Null,Null,Null,"$ 2,680.00"
474,Seiko - Prospex 24 Jewels Automatic Watch Made In Japan (Leather Band)  SBSA028,Null,Null,Null,"$ 2,980.00"
475,JK Lifestyle - South Korea JK's new upgraded version of full circle full touch smart bracelet - PINK,Null,5,(1),$ 730.00
476,TSK - Japan TSK SQ12 Waterproof Smart Watch Phone,Null,Null,Null,$ 558.00
477,Honor - Honor Watch ES BLACK,Null,Null,Null,$ 599.00
478,TSK - Japan TSK H19 high-performance large-screen motion monitoring smart watch,Null,Null,Null,$ 398.00
479,"VOCA - PT620 4G GPS Tracking Watch Smart health watch, elderly watch, GPS, SOS emergency, Front lens, SIM",Null,Null,Null,$ 780.00
480,TSK - Children's educational toy watch,Null,Null,Null,$ 65.00
481,Lenovo - (Golden with Dark Red bell) Lenovo Smart Watch S2 Lenovo S2 Smart Watch Zhineng Watch Bluetooth Watch Full touch screen monitoring of heart rate and blood pressure and support for multiple sports modes Applicable to Android and Apple Bluetooth watches,Null,Null,Null,$ 228.00
482,SUUNTO - 9 PEAK ZH ALL BLACK,Null,Null,Null,"$ 6,090.00"
483,SUUNTO - 9 PEAK ZH MOSS GRAY,Null,Null,Null,"$ 6,090.00"
484,SUUNTO - 9 PEAK ZH BIRCH WHITE TITANIUM,Null,Null,Null,"$ 7,090.00"
485,SUUNTO - 9 PEAK ZH GRANITE BLUE TITANIUM,Null,Null,Null,"$ 7,090.00"
486,JTSK - Japan JTSK-F-21 big-screen smart watch,Null,Null,Null,$ 398.00
487,JTSK - W18 1.3 inch large screen health step counter sports waterproof smart watch - pink,Null,Null,Null,$ 498.00
488,JTSK - Smart children's body temperature measurement waterproof positioning phone watch real-time accurate temperature measurement-purple,Null,Null,Null,$ 598.00
489,TSK - H19 Big Screen Smart Watch (Milan belt),Null,Null,Null,$ 548.00
490,TSK - H19 Big Screen Smart Watch (Milan belt),Null,Null,Null,$ 548.00
491,Casio - Casio - Electronic Watch - GA-400-7A (Parallel Import goods),Null,Null,Null,$ 780.00
492,AsaKusa - V17S Smart Sports Bracelet,Null,Null,Null,$ 338.00
493,Huawei - Huawei Watch GT2 Pro 46mm Classic Edition GRAY,Null,Null,Null,"$ 2,788.00"
494,"AsaKusa - GT3 smartwatch Health data monitoring, 20 motion modes, Bluetooth audio calls",Null,Null,Null,$ 568.00
495,QOOMART - Bluetooth Smart Watch Bracelet B6 Headphones 2-in-1 Heart Rate Blood Pressure Monitoring- Black Tape,Null,1,(1),$ 288.00
496,Huawei - Huawei Band 6 Forest Green,Null,Null,Null,$ 369.00
497,Huawei - Huawei Band 6 Graphite Black,Null,Null,Null,$ 369.00
498,Huawei - Huawei Band 6 Sakura Pink,Null,Null,Null,$ 369.00
499,Huawei - Huawei Watch Fit Elegant Edition Midnight Black,Null,Null,Null,"$ 1,188.00"
500,Xiaomi - Xiaomi Mi Watch Lite Black,Null,Null,Null,$ 429.00
501,Huawei - Huawei Watch Fit Elegant Edition Frosty White,Null,Null,Null,"$ 1,188.00"
502,Xiaomi - Xiaomi Mi Watch Navy Blue,Null,Null,Null,$ 899.00
503,SUUNTO - 9 ZH BARO GRANITE BLUE TITANIUM,Null,Null,Null,"$ 6,090.00"
504,Withings - ScanWatch – Hybrid Smartwatch with ECG,Null,Null,Null,"$ 2,498.00"
505,"Samsung - Galaxy Watch Active 2 Smartwatch (44mm, Bluetooth Version, Cloud Silver) (Parallel imported)",Null,Null,Null,"$ 1,420.00"
506,"TSK - Japan TSK full-screen touch sports real-time heart rate smart bracelet, oximeter smart watch",Null,Null,Null,$ 698.00
507,Fitbit - Versa 3 HEALTH AND FITNESS SMARTWATCH + GPS Pale Yellow Gold/Pink Clay FB511GLPK-FRCJK/L,Null,Null,Null,"$ 1,640.00"
508,Fitbit - Versa 3 HEALTH AND FITNESS SMARTWATCH + GPS Pale Yellow Gold/Olive Green FB511GLOL,Null,Null,Null,"$ 1,640.00"
509,Fitbit - Versa 3 HEALTH AND FITNESS SMARTWATCH + GPS Pale Yellow Gold/Thistle FB511GLGY,Null,Null,Null,"$ 1,640.00"
510,Fitbit - Versa 3 HEALTH AND FITNESS SMARTWATCH + GPS Pale Yellow Gold/Navy FB511GLNV-FRCJK/L,Null,Null,Null,"$ 1,640.00"
511,Fitbit - Ace 3 Kid's activity tracker Black/Sport Red Cosmic Blue/Astro Green FB419BKBU-FRCJK/L,Null,Null,Null,$ 568.00
512,Fitbit - Ace 3 Kid's activity tracker Black/Sport Red FB419BKRD-FRCJK/L,Null,Null,Null,$ 568.00
513,JTSK - Japan JTSK F-21 Large Screen Smart Watch-Brown,Null,Null,Null,$ 378.00
514,Lenovo - (Golden with Dark Red bell) Lenovo Smart Watch S2 Lenovo S2 Smart Watch Zhineng Watch Bluetooth Watch Full touch screen monitoring of heart rate and blood pressure and support for multiple sports modes Applicable to Android and Apple Bluetooth watches,Null,Null,Null,$ 228.00
515,SUUNTO - 7 BLACK LIME,Null,Null,Null,"$ 3,790.00"
516,SUUNTO - 7 GRAPHITE COPPER,Null,4,(1),"$ 3,790.00"
517,SUUNTO - 7 SANDSTONE ROSEGOLD,Null,Null,Null,"$ 3,790.00"
518,SUUNTO - 7 WHITE BURGUNDY,Null,Null,Null,"$ 3,790.00"
519,Fossil - Gen 5 Smartwatch Garrett HR Gold-Tone Stainless Steel FTW4039,Null,Null,Null,"$ 2,210.00"
520,Fossil - Gen 5 Smartwatch Julianna HR Rose Gold-Tone Stainless Steel FTW6035,Null,Null,Null,"$ 2,210.00"
521,Fossil - Gen 5 Smartwatch Julianna HR Stainless Steel Mesh FTW6061,Null,Null,Null,"$ 2,210.00"
522,Fossil - Gen 5 Smartwatch The Carlyle HR Black Silicone FTW4025,Null,Null,Null,"$ 2,210.00"
523,Fossil - Gen 5 Smartwatch The Carlyle HR Smoke Stainless Steel FTW4024,Null,Null,Null,"$ 2,210.00"
524,Fossil - Hybrid Smartwatch HR Charter Rose Gold-Tone Stainless Steel Mesh FTW7014,Null,Null,Null,"$ 1,785.00"
525,Fossil - Hybrid Smartwatch Cameron Rose Gold-Tone Stainless Steel FTW5054,Null,Null,Null,$ 700.00
526,Fossil - Gen 5 Smartwatch Julianna HR Gold-Tone Stainless Steel Mesh FTW6064,Null,Null,Null,"$ 2,210.00"
527,Fossil - Hybrid Smartwatch HR FB-01 Black Stainless Steel FTW7017,Null,Null,Null,"$ 1,785.00"
528,COROS - APEX Premium Multisport Watch 42mm (Black),Null,Null,Null,"$ 2,399.00"
529,COROS - APEX Premium Multisport Watch 46mm (Black),Null,Null,Null,"$ 2,899.00"
530,24-LS - LOKMAT OCEAN Heart Rate Blood Pressure Monitor Step IP68 Waterproof （Denim Blue ）,Null,Null,Null,$ 199.00
531,Fossil - Hybrid Smartwatch Suitor Rose Gold-Tone Stainless Steel BQT5001,Null,Null,Null,$ 700.00
532,Fossil - Hybrid Smartwatch Luther Stainless Steel BQT1100,Null,Null,Null,$ 700.00
533,SUUNTO - 9 ZH BARO WHITE,Null,Null,Null,"$ 5,190.00"
534,SUUNTO - 9 ZH BARO BLACK,Null,Null,Null,"$ 5,190.00"
535,SUUNTO - 7 GRAPHITE (GIFT SET) Comes in a premium gift box,Null,Null,Null,"$ 4,041.00"
536,Fossil - Hybrid Smartwatch Harper Blush Leather FTW5029,Null,Null,Null,$ 620.00
537,Fossil - Hybrid Smartwatch Annette Pink Leather FTW5023,Null,Null,Null,$ 620.00
538,Fossil - Hybrid Smartwatch Cameron White Leather FTW5045,Null,Null,Null,$ 620.00
539,Fossil - Hybrid Smartwatch Goodwin Brown Leather FTW1172,Null,Null,Null,$ 620.00
540,Withings - ScanWatch 38mm Clinically Validated Smart Watch,Null,Null,Null,"$ 2,498.00"
541,Others brand - 1.4 inch smart watch,Null,Null,Null,$ 268.00
542,Withings - ScanWatch 42mm Clinically Validated Smart Watch,Null,Null,Null,"$ 2,698.00"
543,Honor - HONOR Watch GS Pro - Camo Blue,Null,Null,Null,"$ 1,798.00"
544,Honor - HONOR Watch GS Pro - Marl White,Null,Null,Null,"$ 1,798.00"
545,Honor - HONOR Watch ES,Null,Null,Null,$ 599.00
546,JK Lifestyle - South Korea JK Smart Bracelet; Heart Rate and Blood Pressure Monitoring Pedestrian Sports Mode Bracelet,Null,Null,Null,$ 312.00
547,TSK - Japan TSK H8 Fashion Ladies Smart Watch,Null,Null,Null,$ 845.00
548,Lenovo - Lenovo G03 Smart Bracelet (Hong Kong licensed),Null,Null,Null,$ 188.00
549,TSK - Japan TSK-4G Full Netcom Video Heart Rate Blood Pressure Waterproof Elderly Positioning Watch,Null,Null,Null,$ 998.00
550,Little Genius - Little Genius Z6H Green,Null,Null,Null,"$ 1,999.00"
551,Huawei - Huawei Watch Fit Orange,Null,Null,Null,$ 888.00
552,SUUNTO - 9 BARO TITANIUM Extreme GPS Sport Smart Watch,Null,Null,Null,"$ 6,080.00"
553,"SUUNTO - 7, GRAPHITE COPPER",Null,Null,Null,"$ 4,048.00"
554,TSK - H8 fashion Ms. portable smart watch,Null,Null,Null,$ 698.00
555,"SUUNTO - 7, SANDSTONE ROSEGOLD",Null,Null,Null,"$ 4,048.00"
556,TSK - H19 Big Screen Smart Watch (Milan belt),Null,Null,Null,$ 498.00
557,PanzerGlass - Full Body Apple watch Bumper and Screen Protector - Black (4/5/6/SE 42mm - 44mm),Null,Null,Null,$ 238.00
558,JTSK - Japan JTSK-N9 sports a large screen waterproof smart watch heart rate monitor (metal band) - Black,Null,Null,Null,$ 598.00
559,TSK - Children's educational toys watches,Null,Null,Null,$ 68.00
560,Zeblaze - Official Smart Watch Waterproof 30M Blood Pressure Heart Rate Sleep Reconnaissance ARES Black,Null,Null,Null,$ 368.00
561,Zeblaze - Official Smart Watch Waterproof 30M Blood Pressure Heart Rate Sleep Reconnaissance ARES Green,Null,Null,Null,$ 368.00
562,Zeblaze - Official GTS Smart Watch IP67 microphone speaker Heart rate sensor BT 5.0 smart watch Blue,Null,Null,Null,$ 398.00
563,Zeblaze - Official GTS Smart Watch IP67 microphone speaker Heart rate sensor BT 5.0 smart watch Purple,Null,Null,Null,$ 398.00
564,Zeblaze - Official Smart Watch Waterproof 30M Blood Pressure Heart Rate Sleep Reconnaissance ARES Black,Null,Null,Null,$ 368.00
565,Zeblaze - Official Smart Watch Waterproof 30M Blood Pressure Heart Rate Sleep Reconnaissance ARES Green,Null,Null,Null,$ 368.00
566,Zeblaze - Official GTS Smart Watch IP67 microphone speaker Heart rate sensor BT 5.0 smart watch BLK,Null,Null,Null,$ 398.00
567,Zeblaze - Official GTS Smart Watch IP67 microphone speaker Heart rate sensor BT 5.0 smart watch Blue,Null,Null,Null,$ 398.00
568,Zeblaze - Official GTS Smart Watch IP67 microphone speaker Heart rate sensor BT 5.0 smart watch Purple,Null,Null,Null,$ 398.00
569,TSK - Japan TSK smart watch real-time body temperature monitoring heart rate and blood pressure mult,Null,4,(1),$ 698.00
570,SUUNTO - 9 Peak Ultra Thin Sport GPS SmartWatch [Chinese Support],Null,Null,Null,"$ 6,798.00"
571,Zeblaze - Ares smart fitness watch (Black),Null,Null,Null,$ 368.00
572,Zeblaze - Ares smart fitness watch (Green),Null,Null,Null,$ 368.00
573,Zeblaze - Vibe 6 smart watch (Blue),Null,Null,Null,$ 599.00
574,Casio - Casio G-Shock 「G-SQAUD」 sport series GBD-100SM-4A1,Null,Null,Null,"$ 1,180.00"
575,Casio - Casio G-Shock 「G-SQAUD」 sport series GBD-100SM-1,Null,Null,Null,"$ 1,180.00"
576,Xiaomi - Xiaomi Mi Watch Black(Parallel import),Null,Null,Null,$ 895.00
577,Garmin - Venu 2S Life Style GPS Sport SmartWatch[Traditional Chinese/Simplified Chinese/English],Null,Null,Null,"$ 3,498.00"
578,Fitbit - Luxe Fitness + wellness tracker Smart band [2 Colors],Null,Null,Null,"$ 1,180.00"
579,Amazfit - Amazfit T-Rex Pro Blue,Null,Null,Null,"$ 1,298.00"
580,Amazfit - Amazfit T-Rex Pro Black,Null,Null,Null,"$ 1,298.00"
581,Garmin - GARMIN Forerunner 245 Music English,Null,Null,Null,"$ 2,499.00"
582,Havit - Havit M9013 Sports Smart Watch(BLUE),Null,Null,Null,$ 359.00
583,Zeblaze - GTS 2(Rose Gold),Null,Null,Null,$ 468.00
584,JTSK - Japan JTSK 1.39 inch AMOLED video screen wireless charging Bluetooth call smart watch,Null,Null,Null,$ 998.00
585,Stritra - 5PCS For Garmin Forerunner 245 Music Tempered Glass Screen Protector Film Guard,Null,Null,Null,$ 36.00
586,Huawei - HUAWEI Band 4e,Null,Null,Null,$ 159.00
587,Fitbit - Versa 3 GPS Sports Smart Watch [Black/Black Aluminum] [Hong Kong licensed],Null,Null,Null,"$ 1,588.00"
588,Fitbit - Versa 3 GPS sports smart watch [Midnight blue/soft gold aluminum material] [Hong Kong licensed],Null,Null,Null,"$ 1,588.00"
589,Fitbit - Versa 3 GPS sports smart watch [Pottery pink/soft gold aluminum material] [Hong Kong licensed],Null,Null,Null,"$ 1,588.00"
590,Fitbit - Versa 3 GPS sports smart watch [Pottery pink/soft gold aluminum material] [Hong Kong licensed],Null,Null,Null,"$ 1,588.00"
591,Fitbit - Versa 3 GPS Sports Smart Watch [Black/Black Aluminum] [Hong Kong licensed],Null,Null,Null,"$ 1,588.00"
592,Fitbit - Versa 3 GPS Sports Smart Watch [Black/Black Aluminum] [Hong Kong licensed],Null,Null,Null,"$ 1,640.00"
593,Fitbit - Versa 3 GPS sports smart watch [Midnight blue/soft gold aluminum material] [Hong Kong licensed],Null,Null,Null,"$ 1,588.00"
594,Honor - Honor Magic Watch 2 (42mm) - Agate Black｜內置 GPS｜24 小時心率監測,Null,Null,Null,$ 799.00
595,Honor - Honor Magic Watch 2 (42mm) - Sakura Gold｜內置 GPS｜24 小時心率監測,Null,Null,Null,$ 899.00
596,Casio - Casio Baby-G lady's Shooting Stars Series BGA-150ST-4A,Null,Null,Null,$ 870.00
597,Casio - Casio Baby-G G-G-Square Series digital Analog Watch BSA-B100-7A,Null,Null,Null,$ 850.00
598,Casio - Casio G-Shock Sporty digital Analog Watch GAX-100B-7A,Null,Null,Null,$ 930.00
599,MARVEL - [Limited Edition] Marvel MARVEL Men's Watch Captain America Quartz Belt Trendy Hand Watch M-9081,Null,Null,Null,"$ 1,199.00"
600,"JK Lifestyle - South Korea JK Smart Bracelet, Heart Rate and Blood Pressure Monitoring Pedestrian Sports Mode Bracelet",Null,Null,Null,$ 298.00
601,Casio - Electronic Watch - LTP-V007G-9E (Parallel Import goods),Null,Null,Null,$ 185.00
602,Casio - Electronic Watch - LTP-V300D-7A (Parallel Import goods),Null,Null,Null,$ 320.00
603,Casio - Electronic Watches - MQ-76-9A (Parallel Import Goods),Null,Null,Null,$ 90.00
604,Casio - Casio Baby- G casual watch Lady's Style BA-130-7A2,Null,Null,Null,$ 950.00
605,SUUNTO - SUUNTO - 9 PEAK ZH BIRCH WHITE TITANIUM,Null,Null,Null,"$ 6,798.00"
606,COROS - Vertix GPS Adventure Watch (Fire Dragon),Null,Null,Null,"$ 4,999.00"
607,COROS - Vertix GPS Adventure Watch (Dark Rock),Null,Null,Null,"$ 4,999.00"
608,COROS - Vertix GPS Adventure Watch (Mountain Hunter),Null,Null,Null,"$ 4,999.00"
609,Fitbit - Versa 2 Smart Watch-Black [Original Licensed] FB507BKBK-FRCJK,Null,Null,Null,"$ 1,188.00"
610,Fitbit - Versa 2 Smart Watch-Black [Original Licensed] FB507BKBK-FRCJK,Null,Null,Null,"$ 1,188.00"
611,Fitbit - Versa 2 Smart Watch-Rose Pink [Original Licensed] FB507BKBK-FRCJK,Null,Null,Null,"$ 1,188.00"
612,Fitbit - Versa 2 Smart Watch-Rose Pink [Original Licensed] FB507BKBK-FRCJK,Null,Null,Null,"$ 1,188.00"
613,Huawei - Huawei Watch 3 Active Edition,Null,Null,Null,"$ 2,999.00"
614,Huawei - Huawei Watch 3 Pro,Null,Null,Null,"$ 4,799.00"
615,Huawei - Huawei Watch 3 Classic Edition,Null,Null,Null,"$ 3,299.00"
616,TSK - SQ12 waterproof smart watch phone - Blue,Null,Null,Null,$ 558.00
617,"DESIROUS - GT1 smart watch, sports watch (60 days long battery life, 50 meters water  proof）",Null,Null,Null,$ 349.00
618,Huawei - Watch 3 46mm Smartwatch [2 colors],Null,Null,Null,"$ 2,999.00"
619,SANRIO - [Limited Edition]Hello Kitty watch waterproof sports watch children's electronic watch with keychain,Null,Null,Null,$ 498.00
620,Casio - Casio Baby-G Pastel Color Series Lady's Sporty Watch BGA-110BL-4B,Null,Null,Null,$ 790.00
621,Casio - Casio Baby-G Pastel Color Series Lady's Sporty Watch BGA-110BL-7B,Null,Null,Null,$ 790.00
622,Casio - Electronic Watch - MQ-38-8ADF (Parallel Import Goods),Null,Null,Null,$ 90.00
623,Casio Baby G - Casio BABY-G 手錶  BGA-230SA-1A,Null,Null,Null,$ 650.00
624,Casio Baby G - Casio BABY-G 手錶 BGA系列 BGA-190BE-2A,Null,Null,Null,$ 548.00
625,Casio - CASIO SHEEN SHE-4055PGL-7A,Null,Null,Null,$ 828.00
626,Casio G-Shock - CASIO G-SHOCK G-LIDE夏威夷衝浪錶-深灰 GLX-5600VH-1,Null,Null,Null,$ 850.00
627,Casio G-Shock - CASIO DW-5700BBM-2DR CASIO G-SHOCK 經典運動電子錶,Null,Null,Null,$ 678.00
628,Casio Baby G - Casio BABY-G 手錶 BGA系列 BGA-255-4ADR,Null,Null,Null,$ 498.00
629,Fitbit - Versa 2 SE Special Edition Smart Watch-Smoky Gray [Hong Kong Licensed] FB507GYGY-FRCJK,Null,Null,Null,"$ 1,528.00"
630,Fitbit - Versa 2 SE Special Edition Smart Watch-Smoky Gray [Hong Kong Licensed] FB507GYGY-FRCJK,Null,Null,Null,"$ 1,528.00"
631,TSK - Japan TSK H19 high-performance large-screen motion monitoring smart watch,Null,Null,Null,$ 398.00
632,Fitbit - SENSE Health Smart Watch (Carbon Black) [Hong Kong Licensed],Null,Null,Null,"$ 2,188.00"
633,Fitbit - SENSE Health Smart Watch (Carbon Black) [Hong Kong Licensed],Null,Null,Null,"$ 2,188.00"
634,Fitbit - SENSE Health Smart Watch (Moonlight White) [Hong Kong licensed],Null,Null,Null,"$ 2,188.00"
635,Fitbit - SENSE Health Smart Watch (Moonlight White) [Hong Kong licensed],Null,Null,Null,"$ 2,188.00"
636,"TSK - Japan TSK full-screen touch sports real-time heart rate smart bracelet, oximeter smart watch",Null,Null,Null,$ 768.00
637,"Havit - (Pink) Havit M9006 Pro Smart Watch 9.3mm Ultra-Thin Watch 1.4"" Screen Size IP67 Waterproof rating",Null,Null,Null,$ 230.00
638,Casio - Electronic Watch - MQ-38-9ADF (Parallel Import Goods),Null,Null,Null,$ 90.00
639,JK Lifestyle - South Korea JK Color Screen M3PLUS Smart Bracelet Heart Rate and Blood Pressure Bluetooth Sports Bracelet,Null,Null,Null,$ 198.00
640,Casio - Casio Baby-G lady's Shooting Stars Series BGA-150ST-1A,Null,Null,Null,$ 870.00
641,Casio - Casio Baby- G casual watch Lady's Style BA-130-7A1,Null,Null,Null,$ 950.00
642,Casio - Electronic Watch - MQ-38-9ADF (Parallel Import Goods),Null,Null,Null,$ 90.00
643,Casio - Electronic Watch - MQ-38-1ADF (Parallel Import Goods),Null,Null,Null,$ 90.00
644,Huawei - HUAWEI Watch Fit Sport Edition Smar Watch,Null,Null,Null,$ 688.00
645,Casio - Casio G-Shock Full metal Series digital Watch AWM-500GD-9A,Null,Null,Null,"$ 3,290.00"
646,Huawei - Watch 3 Pro 48mm Smartwatch,Null,Null,Null,"$ 4,799.00"
647,"Havit - NEW(Pink) Havit M9006 Pro*** Smart Watch 9.3mm Ultra-Thin Watch 1.4"" Screen Size IP67 Waterproof rating",Null,Null,Null,$ 234.00
648,Garmin - Vivoactive 4S Silver/ Powder Gray Silicone 010-02172-02 (eng verison)- Authorized Product,Null,Null,Null,"$ 2,290.00"
649,APPLE - Apple Watch Series 3 GPS + Cellular LTE 42mm Black Stainless Steel Case w/ Milanese Loop MR1V2ZP/A,Null,Null,Null,"$ 3,099.00"
650,APPLE - Apple Watch Series 6 Aluminum Case with Sport Band GPS (PRODUCT) RED,Null,Null,Null,"$ 3,139.00"
651,JK Lifestyle - South Korea JK's new upgraded version of full circle full touch smart bracelet,Null,Null,Null,$ 698.00
652,JK Lifestyle - Korea JK- new upgraded version of the all-round full-contact smart bracelet,Null,Null,Null,$ 698.00
653,Fitbit - Inspire 2 FITNESS TRACKER Black/Desert Rose FB418BKCR-FRCJK,Null,Null,Null,$ 780.00
654,Oskron - Smartwatch Timepieces ,Null,Null,Null,"$ 1,799.00"
655,Oskron - Smartwatch Timepieces ,Null,Null,Null,"$ 1,799.00"
656,Oskron - Smartwatch Timepieces ,Null,Null,Null,"$ 1,799.00"
657,Oskron - Smartwatch Timepieces ,Null,Null,Null,"$ 1,799.00"
658,Oskron - Smartwatch Timepieces ,Null,Null,Null,"$ 1,999.00"
659,Oskron - Smartwatch Timepieces ,Null,Null,Null,"$ 1,799.00"
660,Oskron - Smartwatch Timepieces ,Null,Null,Null,"$ 1,799.00"
661,"iGlobalStore - Temperature measurement smart watch, high body temperature reminder, IP67 waterproof",10+ Sold,Null,Null,$ 618.00
662,i-Gotu - Q-Band HR Q-66HR Heart Rate Fitness Band,20+ Sold,1,(1),$ 148.00
663,Huawei - Smart wristband - Honor 4 (Black),Null,4,(11),$ 279.00
664,Lifesense - 樂心手環 MAMBO 黑色 LS421-B Parallel I,30+ Sold,1.7,(4),$ 99.00
665,Archon - Archon Bemoved Heart Rate Tracker (Black),10+ Sold,5,(1),$ 368.00
666,Disney - GOOD DINOSAUR - Kids Digital Watch - BLUE (迪士尼許可產品),Null,Null,Null,$ 128.00
667,Huawei - Huawei Band 4 / Black (Parallel imported) #sport #fitness #sportband #smartwear #running,10+ Sold,Null,Null,$ 179.00
668,Archon - Archon Bemoved Heart Rate Tracker (Black & White Strips),Null,Null,Null,$ 368.00
669,Disney Mickey - DISNEY - Mickey Mouse kids digital watch - Light blue color band (Licensed by Disney),Null,Null,Null,$ 188.00
670,URIEL GENEQT - Two-in-one Functional Watch Cufflinks (Authorized goods),Null,Null,Null,"$ 1,299.00"
671,10 Acres - 兒童智能手錶（基站版王子藍）#N08_025_031,Null,Null,Null,$ 275.00
672,"InBody - InBody BAND Smart Watch (Pink, Medium Size)",Null,Null,Null,$ 599.00
673,10 Acres - 兒童智能手錶（基站版公主粉）#N08_025_030,Null,Null,Null,$ 275.00
674,Ticwatch - TicWatch S2,Null,Null,Null,"$ 1,599.00"
675,Disney - MARVEL - DIGITAL WATCH (BLUE & RED) (Licensed by Disney),10+ Sold,4,(1),$ 198.00
676,10 Acres - 兒童智能手錶（基站版粉紅色）#N08_025_032,Null,Null,Null,$ 275.00
677,10 Acres - 抖音網紅手錶(活力紅 無線充+雙按鍵+圓角大屏+雙籃牙低功耗)#N08_025_037,Null,Null,Null,$ 525.00
678,10 Acres - 抖音網紅手錶(玫瑰粉 無線充+雙按鍵+圓角大屏+雙籃牙低功耗)#N08_025_038,Null,Null,Null,$ 525.00
679,10 Acres - 抖音網紅手錶(极光银 無線充+雙按鍵+圓角大屏+雙籃牙低功耗)#N08_025_039,Null,Null,Null,$ 525.00
680,- - Reflex Active Smartwatch (Series 4)-3000,Null,Null,Null,$ 780.00
681,Casio G-Shock - Casio G-Shock 手錶 GA系列  GA-100CF-1A9DR,Null,Null,Null,$ 798.00
682,Garmin - GARMIN Forerunner 45 Black English,Null,Null,Null,"$ 1,149.00"
683,Casio - Casio ERA-120BL-2AV 指針數位雙重顯示手錶,Null,Null,Null,$ 980.00
684,Casio - Casio ERA-120DB-1BV,Null,Null,Null,"$ 1,130.00"
685,Casio Baby G - Casio BABY-G 手錶 BA系列 BA-120TG-4ADR,Null,Null,Null,$ 880.00
686,Casio - Casio EFR-564D-1A,Null,Null,Null,"$ 1,130.00"
687,Casio - Casio  EFV-530DB-2AV,Null,Null,Null,"$ 1,130.00"
688,10 Acres - 兒童智能電話防水手錶(深綠色 LBS+微聊+遠程拍照+打電話+防水+超長待機)#N08_025_025,Null,Null,Null,$ 260.00
689,10 Acres - 兒童智能wifi定位電話手錶（粉色）#N08_025_026,Null,Null,Null,$ 375.00
690,10 Acres - 兒童智能wifi定位電話手錶（藍色）#N08_025_027,Null,Null,Null,$ 375.00
691,10 Acres - 兒童智能手錶(V9玫瑰金 基站定位+可擴展內存+收音機+可插耳機+自由撥號）#N08_025_016,Null,Null,Null,$ 445.00
692,10 Acres - 兒童智能手錶(V9榮耀錆黑白錶帶 基站定位+可擴展內存+收音機+可插耳機+自由撥號）#N08_025_017,Null,Null,Null,$ 445.00
693,10 Acres - 兒童智能手錶(V9極光銀 基站定位+可擴展內存+收音機+可插耳機+自由撥號）#N08_025_018,Null,Null,Null,$ 445.00
694,10 Acres - 兒童智能手錶(V9榮耀錆黑黃錶帶 基站定位+可擴展內存+收音機+可插耳機+自由撥號）#N08_025_019,Null,Null,Null,$ 445.00
695,Casio G-Shock - Casio G-Shock DW-5600BBM-1 數位顯示手錶,Null,Null,Null,$ 630.00
696,Casio G-Shock - Casio G-Shock DW-5600BBMA-1 數位顯示手錶,Null,Null,Null,$ 630.00
697,UAG - ACTIVE WATCH STRAP for Apple Watch 44/42mm - Black,Null,Null,Null,$ 498.00
698,UAG - Apple Watch 42/44mm (Series 6/5/4 & Watch SE) DOT Silicone Band - Pink,Null,Null,Null,$ 338.00
699,UAG - Apple Watch 42/44mm (Series 6/5/4 & Watch SE) DOT Silicone Band - Red,Null,Null,Null,$ 338.00
700,10 Acres - 兒童電話手錶(移動2G粉紅色 基站定位+防水+微聊+高清通話）#N08_025_020,Null,Null,Null,$ 295.00
701,10 Acres - 兒童電話手錶(移動2G天藍色 基站定位+防水+微聊+高清通話）#N08_025_021,Null,Null,Null,$ 295.00
702,10 Acres - 兒童電話手錶(移動2G魅力粉 基站+WiFi定位+防水+微聊+高清通話+超長待機）#N08_025_022,Null,Null,Null,$ 325.00
703,10 Acres - 兒童電話手錶(移動2G黑粉 基站定位+防水+微聊＋高清通話+超長待機)#N08_025_023,Null,Null,Null,$ 295.00
704,Catalyst - WATERPROOF CASE FOR APPLE WATCH SERIES 4 & 5 - 44MM,Null,Null,Null,$ 548.00
705,10 Acres - 兒童電話手錶(移動2G黑藍 基站定位+防水+微聊＋高清通話+超長待機)#N08_025_024,Null,Null,Null,$ 295.00
706,Casio Baby G - CASIO BABY-G 手錶 BGA-230PC-6BDR,Null,Null,Null,$ 690.00
707,WAHOO - WAHOO Elemnt RIVAL GPS - BLACK,Null,Null,Null,"$ 2,584.00"
708,Disney Mickey - DISNEY - Mickey Mouse kids digital watch - Black color (Licensed by Disney),Null,Null,Null,$ 188.00
709,Disney Mickey - DISNEY - Mickey Mouse kids digital watch - Blue color (Licensed by Disney),Null,4,(1),$ 188.00
710,Disney Mickey - DISNEY - Minnie Mouse kids digital watch - Purple color (Licensed by Disney),Null,Null,Null,$ 188.00
711,Withings - ScanWatch 42mm White,Null,Null,Null,"$ 2,698.00"
712,Withings - ScanWatch 42mm Black,Null,Null,Null,"$ 2,698.00"
713,Withings - ScanWatch 38mm White,Null,Null,Null,"$ 2,498.00"
714,10 Acres - 抖音網紅手錶(宝石蓝 無線充+雙按鍵+圓角大屏+雙籃牙低功耗)#N08_025_036,Null,Null,Null,$ 525.00
715,Casio G-Shock - GST-B200-1A (G-STEEL) SMART WATCH,Null,Null,Null,"$ 1,718.00"
716,Ticwatch - TicWatch S2,Null,Null,Null,"$ 1,599.00"
717,Archon - VIBRANTE SMARTWATCH + ECG,10+ Sold,Null,Null,$ 822.00
718,"Disney Finding Dory - DISNEY - Finding Dory combo set - watch, silicone Coin Purse & tote bag (Licensed by Disney)",Null,Null,Null,$ 158.00
719,Archon - Archon Bemoved Heart Rate Tracker (Vivid Purple ),Null,Null,Null,$ 368.00
720,Casio G-Shock - GG-B100-1A3 (On the land) SMART WATCH,Null,Null,Null,"$ 1,958.00"
721,Casio G-Shock - GG-B100-1A9 (On the land) SMART WATCH,Null,Null,Null,"$ 1,958.00"
722,Casio G-Shock - Casio G-SHOCK GMW系列 GMW- B5000G-2,Null,Null,Null,"$ 4,380.00"
723,Ticwatch - Ticwatch C2,Null,Null,Null,"$ 1,699.00"
724,10 Acres - 兒童智能手錶(海藍色 防水+WIFI定位+通話+微聊+拍照 移動版)#N08_025_028,Null,Null,Null,$ 295.00
725,Archon - Archon BEMOVED Heart Rate Tracker (Blue),Null,Null,Null,$ 368.00
726,10 Acres - 兒童智能手錶(粉色 防水+WIFI定位+通話+微聊+拍照 移動版)#N08_025_029,Null,Null,Null,$ 295.00
727,Ticwatch - TicWatch E2,Null,Null,Null,"$ 1,399.00"
728,Casio - CASIO S-SHOCK BGA系列 BGA-255-4A,Null,Null,Null,$ 499.00
729,10 Acres - 兒童智能手錶（基站+WIFI定位版王子藍 防水+定位+通話+微聊-移動版）#N08_025_034,Null,Null,Null,$ 300.00
730,Disney Mickey - MICKEY MOUSE - Kids Digital Watch - PURPLE color (Licensed by Disney),Null,4,(1),$ 128.00
731,10 Acres - 兒童智能手錶（基站+WIFI定位版公主粉 防水+定位+通話+微聊-移動版）#N08_025_033,Null,Null,Null,$ 300.00
732,10 Acres - 抖音網紅手錶(深邃黑 無線充+雙按鍵+圓角大屏+雙籃牙低功耗)#N08_025_035,Null,Null,Null,$ 525.00
733,MAD Gaze - Smart Watch - Mad Gaze Watch,Null,5,(1),"$ 2,269.00"
734,10 Acres - 藍牙通話智能手錶（紅色）#N08_025_042,Null,Null,Null,$ 525.00
735,10 Acres - 藍牙通話智能手錶（藍色）#N08_025_041,Null,Null,Null,$ 525.00
736,10 Acres - 藍牙通話智能手錶（黑色）#N08_025_040,Null,Null,Null,$ 525.00
737,Casio G-Shock - GBX-100-7 SPORTS SMART WATCH,Null,Null,Null,$ 948.00
738,10 Acres - 藍牙通話智能手錶（金色）#N08_025_043,Null,Null,Null,$ 525.00
739,10 Acres - 藍牙通話智能手錶（银色）#N08_025_044,Null,Null,Null,$ 525.00
740,Little Genius - Little genius Watch Z6H Purple,Null,Null,Null,"$ 1,899.00"
741,Casio G-Shock - DW-5600SK-1,Null,Null,Null,$ 860.00
742,Garmin - GARMIN Venu 2S ENGLISH VERSION - Gunmetal with Gray Silicone,Null,Null,Null,"$ 3,200.00"
743,Garmin - GARMIN Venu 2S CHINESE VERSION - Gunmetal with Gray Silicone,Null,Null,Null,"$ 3,500.00"
744,Casio G-Shock - GW-B5600BC-1B Radio-controlled SMART WATCH,Null,Null,Null,"$ 1,178.00"
745,Casio G-Shock - GW-B5600-2 Radio-controlled SMART WATCH,Null,Null,Null,$ 808.00
746,Mobvoi - TicWatch Pro 3 GPS,Null,Null,Null,"$ 2,499.00"
747,Fitbit - Luxe Fitness & wellness tracker Lunar White / Soft Gold Stainless Steel FB422GLWT-FRCJK,Null,Null,Null,"$ 1,180.00"
748,Fitbit - Luxe Fitness & wellness tracker Black / Graphite Stainless Steel FB422BKBK-FRCJK,Null,Null,Null,"$ 1,180.00"
749,Fitbit - Luxe Fitness & wellness tracker gorjana for Special Edition Peony Classic Band FB422GLPK-FRCJK,Null,Null,Null,"$ 1,680.00"
750,"Honor - 智能手錶 BAND6(智慧測量 , 防水 , 弧面玻璃)",Null,Null,Null,$ 329.00
751,10 Acres - 兒童電話手錶(V10天空藍 2G防水+微聊+拍照+定位  移動版)#N08_025_001,Null,Null,Null,$ 275.00
752,10 Acres - 兒童電話手錶(V10清新粉 2G防水+微聊+拍照+定位 移動版)#N08_025_002,Null,Null,Null,$ 275.00
753,10 Acres - 兒童電話手錶(Z8夢幻紫 2G防水+前後雙攝+360度旋轉+磁吸式充電+微聊+拍照+定位 移動版)#N08_025_003,Null,Null,Null,$ 325.00
754,10 Acres - 兒童電話手錶(Z8冰雪藍 2G防水+前後雙攝+360度旋轉+磁吸式充電+微聊+拍照+定位 移動版)#N08_025_004,Null,Null,Null,$ 325.00
755,10 Acres - 兒童電話手錶(Z8魔法綠 2G防水+前後雙攝+360度旋轉+磁吸式充電+微聊+拍照+定位 移動版)#N08_025_005,Null,Null,Null,$ 325.00
756,10 Acres - 兒童電話手錶(Z8櫻語粉 2G防水+前後雙攝+360度旋轉+磁吸式充電+微聊+拍照+定位 移動版)#N08_025_006,Null,Null,Null,$ 325.00
757,10 Acres - 兒童電話手錶(Z8活力紅 2G防水+前後雙攝+360度旋轉+磁吸式充電+微聊+拍照+定位 移動版)#N08_025_007,Null,Null,Null,$ 325.00
758,10 Acres - 兒童電話手錶(Z94G全網通活力紅 4G防水+WiFi定位+視頻通話+微聊)#N08_025_008,Null,Null,Null,$ 600.00
759,10 Acres - 兒童電話手錶(Z94G全網通魔法綠 4G防水+WiFi定位+視頻通話+微聊)#N08_025_009,Null,Null,Null,$ 600.00
760,10 Acres - 兒童電話手錶(V19深海藍全網通+視頻+AI支付+GPS+可下載)#N08_025_010,Null,Null,Null,"$ 1,040.00"
761,10 Acres - 兒童電話手錶(V19粉紅色 全網通+視頻+AI支付+GPS+可下載)#N08_025_011,Null,Null,Null,"$ 1,040.00"
762,10 Acres - 兒童電話手錶(中文版籃色4G全網通 超強防水+GPS定位+視頻通話+WiFi+學習軟件+AI+支付+可下載)#N08_025_012,Null,Null,Null,"$ 1,040.00"
763,Garmin - Garmin Forerunner 245 Purple - ENG,Null,Null,Null,"$ 2,199.00"
764,Garmin - Garmin Forerunner 245 Black- ENG,Null,Null,Null,"$ 2,199.00"
765,Lumitusi - Kids Transformer Watch Deformation Robot Digital Watch(Yellow),Null,Null,Null,$ 47.90
766,Lumitusi - Kids Transformer Watch Deformation Robot Digital Watch(Pink),Null,Null,Null,$ 47.90
767,Garmin - GARMIN Forerunner 45 Black Chinese,Null,Null,Null,"$ 1,650.00"
768,Huawei - HUAWEI WATCH 3 46mm eSIM Black,Null,Null,Null,"$ 2,799.00"
769,Huawei - HUAWEI WATCH 3 46mm eSIM Brown,Null,Null,Null,"$ 3,099.00"
770,Huawei - HUAWEI 華為 Watch 3 Pro 48mm Brown,Null,Null,Null,"$ 4,399.00"
771,Garmin - GARMIN Forerunner 55 CHINESE VERSION - BLACK,Null,Null,Null,"$ 1,800.00"
772,COROS - COROS PACE 2 Multisport Watch SPEED SERIES - RED,Null,Null,Null,"$ 1,619.00"
773,COROS - COROS PACE 2 Multisport Watch - Dark Navy w/ Nylon Band,Null,Null,Null,"$ 1,619.00"
774,Garmin - GARMIN Forerunner 55 - BLACK,Null,Null,Null,"$ 1,600.00"
775,SUUNTO - SUUNTO 9 PEAK - ALL BLACK,Null,Null,Null,"$ 5,960.00"
776,Trend Store - Sporty Smart Watch 2021 with heart rate monitor Blood oxygen monitor Bluetooth Answering,Null,Null,Null,$ 599.00
777,Fossil - Men Gen 4 Explorist HR Stainless Steel Touchscreen Smartwatch Heart Rate GPS NFC OS Google P.import,Null,Null,Null,"$ 1,480.00"
778,Fossil - Gen 4 Women's 40mm rose gold Ventura Stainless steel Touchscreen Smartwatch Heart Rate GPS P.import,Null,Null,Null,"$ 1,380.00"
779,Casio G-Shock - GBD-100-1 SPORTS SMART WATCH,Null,Null,Null,$ 888.00
780,SOUNDPEATS - Official Soundpeats Watch Pro 1 Heart Rate Sleep Reconnaissance Calories IP68 Smart Watch,Null,Null,Null,$ 499.00
781,SOUNDPEATS - Official Soundpeats Watch Pro 1 Heart Rate Sleep Reconnaissance Calories IP68 Smart Watch,Null,Null,Null,$ 499.00
782,Stritra - Silicone Rubber Watch Strap Band Keeper Holder Hoop Loop Ring Retainer,Null,Null,Null,$ 20.00
783,COROS - PACE 2 Speed Series Premium GPS Sport Watch - Red Silicone Seasonal Color,Null,Null,Null,"$ 1,799.00"
784,Casio G-Shock - GBD-100-1A7 SPORTS SMART WATCH,Null,Null,Null,$ 888.00
785,Casio G-Shock - GBD-100SM-1A7 SPORTS SMART WATCH,Null,Null,Null,$ 928.00
786,COROS - PACE 2 Speed Series Premium GPS Sport Watch - Gold Silicone Seasonal Color,Null,Null,Null,"$ 1,799.00"
787,COROS - PACE 2 Speed Series Premium GPS Sport Watch - Green Silicone Seasonal Color,Null,Null,Null,"$ 1,799.00"
788,Casio G-Shock - GBD-100SM-4A1 SPORTS SMART WATCH,Null,Null,Null,$ 928.00
789,Others - Smart Watch Torch - USB Charge (Parallel import),Null,Null,Null,$ 598.00
790,TSK - TSK Japan 4G Full Netcom Video Call AI Child Positioning Smart Watch-Blue,Null,Null,Null,"$ 1,080.00"
791,TSK - TSK Japan 4G full Netcom video call AI child positioning smart watch-Pink,Null,Null,Null,"$ 1,080.00"
792,Garmin - GARMIN Instinct Solar Blue- English,Null,Null,Null,"$ 2,500.00"
793,TSK - TSK Japan 4G Full Netcom Video Call Touch Screen AI Child Positioning Smart Watch-Pink,Null,Null,Null,"$ 1,080.00"
794,UAG - CIVILIAN SILICONE WATCH STRAP for Apple Watch 44/42mm - Slate/Orange,Null,Null,Null,$ 338.00
795,Amazfit - Amazfit Zepp E -原裝行貨-(圓形錶盤),Null,Null,Null,$ 980.00
796,Garmin - GARMIN Venu 2 ENGLISH VERSION - Silver with Granite Silicone,Null,Null,Null,"$ 3,200.00"
797,Casio Baby G - Casio Baby-G BGA-230PC-9B 標準指針數位雙重顯示手錶,Null,Null,Null,$ 750.00
798,JTSK - W19 Smart Ultra-thin Heart Rate Blood Oxygen Monitoring Sports Waterproof Watch-Blue,Null,Null,Null,$ 398.00
799,Casio G-Shock - Casio GLX-5600VH-4 G-Shock G-Lide 數位顯示手錶,Null,Null,Null,$ 780.00
800,Casio - Casio SHEEN SHE-4055PGL-7B,Null,Null,Null,$ 928.00
801,10 Acres - 兒童電話手錶(中文版粉色4G全網通 超強防水+GPS定位+視頻通話+WiFi+學習軟件+AI+支付+可下載)#N08_025_013,Null,Null,Null,"$ 1,040.00"
802,10 Acres - 兒童電話手錶(亞太版-藍色)#N08_025_014,Null,Null,Null,"$ 1,040.00"
803,10 Acres - 兒童電話手錶(亞太版-粉色)#N08_025_015,Null,Null,Null,"$ 1,040.00"
804,JTSK - Children's 4G Video Call AI Positioning Smart Phone Watch-pink,Null,Null,Null,$ 998.00
805,Casio - Casio Baby-G BGA-230-1B,Null,Null,Null,$ 650.00
806,Casio Baby G - Casio Baby-G  BA-120T-1A 標準指針數位雙重顯示手錶,Null,Null,Null,$ 690.00
807,UAG - Apple Watch 44mm / 42mm Leather Strap - Black,Null,Null,Null,$ 598.00
808,UAG - Apple Watch 40mm / 38mm Leather Strap - Brown,Null,Null,Null,$ 598.00
809,Fitbit - Luxe Fitness & wellness tracker Orchid / Platinum Stainless Steel FB422SRMG-FRCJK,Null,Null,Null,"$ 1,180.00"
810,Amazfit - Amazfit T-Rex Pro - BLUE,Null,Null,Null,"$ 1,160.00"
811,Garmin - GARMIN Venu 2 CHINESE VERSION - Silver with Granite Silicone,Null,Null,Null,"$ 3,500.00"
812,Moshi - Flekto Compact Folding Apple Watch Charger - Silver (022201),Null,Null,Null,$ 428.00
813,Samsung - Samsung Galaxy Watch 3 / SM-R840 Stainless Steel 45mm (Bluetooth) Mystic Black - Parallel Imported,Null,Null,Null,"$ 2,388.00"
814,Samsung - Samsung Galaxy Watch 3 / SM-R840 Stainless Steel 45mm (Bluetooth) Mystic Silver - Parallel Imported,Null,Null,Null,"$ 2,388.00"
815,Honor - Watch GS Pro Wild and Rugged GPS Sport Smart Watch,Null,Null,Null,"$ 1,168.00"
816,Xiaomi - MI YouPin Haylou RT (BLACK) 2021NEW -parallel import,Null,5,(1),$ 318.00
817,Xiaomi - SMAR BAND 6 BLACK- parallel import,Null,Null,Null,$ 258.00
818,Samsung - Samsung Galaxy Watch 46mm (Bluetooth) Smart Watch - Silver (parallel import),Null,Null,Null,"$ 1,535.00"
819,Garmin - Garmin Watch Fenix 5X - Sapphire (Parallel Import),Null,Null,Null,"$ 3,599.00"
820,Samsung - Galaxy Watch 3 R840 Stainless 45mm (Bluetooth) Smart Watch - Black (parallel import),Null,Null,Null,"$ 2,350.00"
821,Samsung - Galaxy Watch 3 R850 Stainless 41mm (Bluetooth) Smart Watch - Silver (parallel import),Null,Null,Null,"$ 2,068.00"
822,Samsung - Samsung Galaxy Watch4 R860 Aluminum 40mm (Bluetooth) - Black (Parallel import),Null,Null,Null,"$ 2,298.00"
823,Amazfit - Amazfit T-Rex Pro Smartwatch - Black,Null,Null,Null,"$ 1,090.00"
824,Samsung - Samsung Galaxy Watch Active 2 R820 Aluminum 44mm (Bluetooth) - Silver,Null,Null,Null,"$ 1,410.00"
825,Samsung - Samsung Galaxy Watch Active 2 R820 Aluminum 44mm (Bluetooth) - Black,Null,Null,Null,"$ 1,410.00"
826,Samsung - Samsung Galaxy Watch Active 2 R820 Aluminum 44mm (Bluetooth) - Pink Gold,Null,Null,Null,"$ 1,410.00"
827,10 Acres - 兒童電話手錶(魅力紫2G)#N08_025_045,Null,Null,Null,$ 295.00
828,Samsung - Samsung Galaxy Watch4 R860 Aluminum 40mm (Bluetooth) - Pink Gold,Null,Null,Null,"$ 2,298.00"
829,Samsung - Samsung Galaxy Watch4 R860 Aluminum 40mm (Bluetooth) - Silver (Parallel import),Null,Null,Null,"$ 2,298.00"
830,Samsung - Samsung Galaxy Watch4 R870 Aluminum 44mm (Bluetooth) - Black (Parallel import),Null,Null,Null,"$ 2,498.00"
831,Samsung - Samsung Galaxy Watch4 R870 Aluminum 44mm (Bluetooth) - Green (Parallel import),Null,Null,Null,"$ 2,498.00"
832,Samsung - Samsung Galaxy Watch4 R870 Aluminum 44mm (Bluetooth) - Silver (Parallel import),Null,Null,Null,"$ 2,498.00"
833,Xiaomi - MI SMAR BAND 6 BLACK  - authorized goods,80+ Sold,Null,Null,$ 288.00
834,Huawei - HONOR Watch Magic GPS 智能手錶 (BLACK) - AMOLED高清顯示屏｜高效能雙處理器｜全天侯24小時監測心率,100+ Sold,5,(6),$ 599.00
835,Fitbit - Charge 4 Advanced GPS Fitness Tracker[Purple],20+ Sold,Null,Null,$ 918.00
836,"iGlobalStore - Smart watch,voice call,temperature measurement smart watch,with heart rate & blood pressure monitor",10+ Sold,Null,Null,$ 678.00
837,"Amazfit - Stratos 3 Smart GPS Sport Watch, Black (International Version)",20+ Sold,5,(2),"$ 1,298.00"
838,HiFuture - HiGEAR 智能手錶 - 【銀鋼版】｜IP68 防水防塵｜測心率 / 血氧/ 血壓｜睡眠偵察｜訊息提示｜ 10天使用時間,Null,4,(1),$ 688.00
839,Lenovo - S2 Smart Watch【全天候心率監測】【3ATM 防水】【加送型格錶帶】【2020年新款】,60+ Sold,3.2,(5),$ 299.00
840,BODY HEAT - Smart Watch Bracelet colors straps health Monitor Call Alert full message read- (display item),50+ Sold,3.5,(7),$ 588.00
841,"Havit - (Gray) Havit H1103A Touch Screen Business Watch-不銹鋼錶帶手錶 Smart Sports Watch Smart Watch Stainless Steel Strap Calculate heart rate, blood, sleep monitoring Weather forecast 30m water resistance",Null,Null,Null,$ 268.00
842,Zeblaze - Official GTS 2 Bluetooth calling IP67 Smart Watch Heart rate sensor BT 5.0 Blood pressure Smart Watch Silver,Null,3,(1),$ 468.00
843,Xiaomi - Hong Kong original licensed Mi Band Smart band 5,Null,4,(1),$ 288.00
844,Lenovo - Lenovo Watch x Smart Watch Black HK Official,Null,3,(2),$ 118.00
845,Amazfit - Amazfit Neo Sport Smart Watch - Black,Null,Null,Null,$ 398.00
846,Garmin - Vivomove 3 Sport Hybrid Smartwatch[T.CN/S.CN/ENG][Silver/Powder Gray][44mm],Null,Null,Null,"$ 1,998.00"
847,Fossil - Hybrid Smartwatch Q Nate Black Brown Leather FTW1114,Null,Null,Null,$ 598.00
848,JK Lifestyle - Korea JK-Q1 intelligent bracelet color long standby waterproof heart rate monitor blood pressure sleep health circle bracelet,Null,Null,Null,$ 498.00
849,SOUNDPEATS - SOUNDPEATS Sports Watch 1 IP68 Smart Watch,Null,4,(1),$ 399.00
850,Garmin - Vivomove HR Premium Stylish Hybrid Smartwatch[English][Gold/Gold][S Size],Null,Null,Null,"$ 2,374.00"
851,Amazfit - T-Rex (Global Version) - Rock Black,Null,Null,Null,$ 999.00
852,Amazfit - T-Rex (Global Version) - Camo Green,Null,Null,Null,$ 999.00
853,Amazfit - Amazfit GTR 2 Classic (Stainless Steel Case),Null,Null,Null,"$ 1,388.00"
854,Amazfit - Amazfit GTR 2 - Aluminum Alloy,Null,Null,Null,"$ 1,288.00"
855,Amazfit - Amazfit Band 5 - Black,Null,Null,Null,$ 368.00
856,Amazfit - Amazfit Band 5 - Olive (Green),Null,Null,Null,$ 368.00
857,Amazfit - Amazfit Band 5 - Orange,Null,Null,Null,$ 368.00
858,TSK - Japan TSK TQ20 classic round large-screen heart rate and blood pressure monitoring sports smart watc,Null,Null,Null,$ 658.00
859,Honor - HONOR Watch GS Pro - Charcoal Black,Null,Null,Null,"$ 1,798.00"
860,SUUNTO - SUUNTO - 9 PEAK ZH GRANITE BLUE TITANIUM,Null,Null,Null,"$ 6,798.00"
861,Casio G-Shock - Casio  BGA-260FL-1A BABY-G,Null,Null,Null,$ 880.00
862,Casio G-Shock - Casio BGA-260FL-2A BABY-G,Null,Null,Null,$ 880.00
863,Casio - Casio BGA-260FL-4A  BABY-G,Null,Null,Null,$ 880.00
864,Casio - Casio BGA-260FL-7A BABY-G,Null,Null,Null,$ 880.00
865,Casio - Casio GMA-S120NP-4A G-SHOCK,Null,Null,Null,"$ 1,340.00"
866,Casio - Casio GMA-S130NP-8A G-SHOCK,Null,Null,Null,"$ 1,350.00"
867,Casio - Casio GMA-S140NP-4A G-SHOCK,Null,Null,Null,"$ 1,030.00"
868,Huawei - Huawei Band 4e Active Black,Null,Null,Null,$ 169.00
869,Xiaomi - XIAOMI MI BAND 4C - BLACK,Null,Null,Null,$ 188.00
870,Disney - GOOD DINOSAUR - Kids Digital Watch - GREEN (迪士尼許可產品),10+ Sold,Null,Null,$ 128.00
871,- - Reflex Active Smartwatch (RA03-2014),Null,3,(1),$ 760.00
872,- - Reflex Active Smartwatch (RA02-2007),Null,Null,Null,$ 650.00
873,Samsung - Samsung Galaxy Watch 3 Stainless BT (41mm) R850 Sliver,Null,Null,Null,"$ 3,098.00"
874,WXSY - P2 round screen outdoor sports pedometer heart rate smart Bluetooth call full tentacles watch,Null,Null,Null,$ 798.00
875,Garmin - GARMIN Instinct Solar Black - English,Null,Null,Null,"$ 2,500.00"
876,TSK - TSK Japan 4G full Netcom video call AI child positioning smart watch - Pink,Null,Null,Null,"$ 1,080.00"
877,TSK - TSK Japan 4G Full Netcom Video Call Touch Screen AI Child Positioning Smart Watch - Pink,Null,Null,Null,"$ 1,080.00"
878,Xiaomi - XIAOMI MI BAND 5 BLACK,Null,Null,Null,$ 328.00
879,Ticwatch - TicWatch S2,Null,Null,Null,"$ 1,599.00"
880,Samsung - Samsung Galaxy Watch 3 Stainless BT (41mm) R850 Brown,Null,Null,Null,"$ 3,098.00"
881,Casio - Casio AE-1200WHD-1A,Null,Null,Null,$ 498.00
882,Casio G-Shock - GA-100BL-1A,Null,Null,Null,"$ 1,060.00"
883,Casio G-Shock - GM-5600B-1,Null,Null,Null,"$ 1,720.00"
884,Casio G-Shock - GW-B5600-2,Null,Null,Null,"$ 1,160.00"
885,Casio G-Shock - DW-5600SB-4,Null,Null,Null,$ 880.00
886,Casio G-Shock - DW-5600MW-7,Null,Null,Null,$ 860.00
887,Casio G-Shock - DW-5600E-1V,Null,Null,Null,$ 760.00
888,Casio - Casio 電子錶 MQ-24-7BLDF MQ24-7B,Null,Null,Null,$ 99.00
889,Casio - Casio 數位款電子錶 F-91W-1,Null,Null,Null,$ 136.00
890,Casio - Casio 數位電子錶 F-91W-3,Null,Null,Null,$ 136.00
891,Casio - Casio Youth 數位顯示電子錶 F-91WS-2,Null,Null,Null,$ 218.00
892,Casio - Casio Youth 數位顯示電子錶 F-91WS-4,Null,Null,Null,$ 218.00
893,Garmin - GARMIN Instinct Solar RED- English,Null,Null,Null,"$ 2,500.00"
894,Garmin - GARMIN Instinct Solar Purple- English,Null,Null,Null,"$ 2,500.00"
895,Garmin - GARMIN Instinct Solar Surf  White- English,Null,Null,Null,"$ 3,100.00"
896,Casio - Casio 數位款電子錶 W-218H-4B2,Null,Null,Null,$ 186.00
897,Casio - Casio 數位款電子錶 W-218H-1A,Null,Null,Null,$ 186.00
898,Casio - Casio 數位款電子錶 W-218H-2A,Null,Null,Null,$ 186.00
899,Casio - Casio 數位款電子錶 W-218H-3A,Null,Null,Null,$ 186.00
900,Lumitusi - Kids Transformer Watch Deformation Robot Digital Watch(Light Blue),Null,Null,Null,$ 47.90
901,Huawei - Watch GT 46mm Smartwatch Titanium Grey Body+Orange strap,Null,Null,Null,$ 499.00
902,Garmin - GARMIN Venu SQM BLACK- Chinese,Null,Null,Null,"$ 1,920.00"
903,Casio G-Shock - Casio G-SHOCK GMW系列 GMW- B5000G-2,Null,Null,Null,"$ 4,380.00"
904,Garmin - GARMIN Instinct Solar Yellow- English,Null,Null,Null,"$ 2,500.00"
905,TSK - TSK Japan 4G Full Netcom Video Call Touch Screen AI Child Positioning Smart Watch-Mint Green,Null,Null,Null,"$ 1,080.00"
906,ENERGY PRODUCTS - E-SMOG PROTECTOR GUARD (in small),Null,Null,Null,"$ 4,420.00"
907,ENERGY PRODUCTS - E-SMOG-Protector Shield (in Small),Null,Null,Null,"$ 4,420.00"
908,ENERGY PRODUCTS - E-SMOG PROTECTOR SHIELD (in Large),Null,Null,Null,"$ 4,900.00"
909,ENERGY PRODUCTS - E-SMOG PROTECTOR GUARD (in Large),Null,Null,Null,"$ 4,900.00"
910,Samsung - (BLACK)GALAXY WATCH 4  40MM R860 BLUETOOTH VERSION SM-R860NZKAASA,Null,Null,Null,"$ 2,098.00"
